A219BS010440 193.40910414528136 1802.4892468495048 -0.5612523135630699
A219BS010440 193.52004049781524 1802.0017097214757 -0.5620735807060901
A219BS010440 193.6313538246767 1801.5142590789603 -0.5631755673157337
A219BS010440 193.74285403872733 1801.0268514859415 -0.564416749925167
A219BS010440 193.84765414066902 1800.5379591192216 -0.5655087187405408
A219BS010440 193.94912424693945 1800.048364612081 -0.5665266142336219
A219BS010440 194.04781940105204 1799.5582029406648 -0.5674223983891407
A219BS010440 194.1464048264059 1799.06801941255 -0.568433671193524
A219BS010440 194.24493584565977 1798.577825066921 -0.5695022019690096
A219BS010440 194.3442940134669 1798.0877973951706 -0.5704162090126883
A219BS010440 194.44269822240855 1797.597577054117 -0.5712092284164149
A219BS010440 194.53073154448708 1797.105388087936 -0.5716039098659358
A219BS010440 194.6136071311846 1796.6123043239643 -0.571800981057443
A219BS010440 194.69392260464699 1796.1187970647466 -0.5719000868564578
A219BS010440 194.77257890118054 1795.6250227161888 -0.572182437890594
A219BS010440 194.85041249966048 1795.1311180779353 -0.5725556125379462
A219BS010440 194.92768190936596 1794.6371249832607 -0.5730662372407785
A219BS010440 195.00470857006573 1794.1430939561867 -0.5735539151478205
A219BS010440 195.0816149079462 1793.6490441729384 -0.5740302196847674
A219BS010440 195.15846160745764 1793.154985104358 -0.5745008871271123
A219BS010440 195.22883232690467 1792.6599627012565 -0.5753853485738699
A219BS010440 195.29598507899766 1792.1644934642284 -0.5762473491467681
A219BS010440 195.36154192685223 1791.6688105255018 -0.5770982044208243
A219BS010440 195.42354902800116 1791.172670689104 -0.5777163841477185
A219BS010440 195.4837956968061 1790.6763138758783 -0.5782192383839961
A219BS010440 195.54314978333454 1790.1798494166228 -0.5785840787143979
A219BS010440 195.6010290631839 1789.683210763496 -0.5787769113762756
A219BS010440 195.6581772826327 1789.1864874306052 -0.5788845017102483
A219BS010440 195.71559201851144 1788.6897948244653 -0.5789402684782416
A219BS010440 195.77131075376215 1788.1929091258332 -0.5790984993124811
A219BS010440 195.82618876534383 1787.6959298906932 -0.5793075072834255
A219BS010440 195.88065008818398 1787.1989048314874 -0.5795416782284318
A219BS010440 195.93338304870863 1786.701693399509 -0.5797053372137179
A219BS010440 195.9852592594157 1786.204391838889 -0.5798340523137457
A219BS010440 196.03602557503032 1785.7069757397555 -0.5799083607516068
A219BS010440 196.08579570176082 1785.2094590348768 -0.5796576579946435
A219BS010440 196.13503932977008 1784.7118898788701 -0.5796672120588543
A219BS010440 196.18402202377928 1784.2142949869165 -0.5798057374637867
A219BS010440 196.22959452109737 1783.7163761778359 -0.5798897134831202
A219BS010440 196.27353919298557 1783.21831112713 -0.5801563181266287
A219BS010440 196.31667702806033 1782.7201756037414 -0.5805134223915033
A219BS010440 196.3570345604112 1782.2218072407475 -0.5810077392970383
A219BS010440 196.39569893162817 1781.723304542833 -0.5813635065343585
A219BS010440 196.43352411733252 1781.2247374230842 -0.5816506161542879
A219BS010440 196.46841969839423 1780.725956611106 -0.5816456337091342
A219BS010440 196.50186309962072 1780.227076348421 -0.5814959087373341
A219BS010440 196.53458680924524 1779.7281483879 -0.581274461284735
A219BS010440 196.56621214555028 1779.2291496646305 -0.5809393807610298
A219BS010440 196.59729316158698 1778.7301167826895 -0.5805479937032293
A219BS010440 196.62707175104148 1778.2310043399318 -0.5804766178562374
A219BS010440 196.65620488709766 1777.7318538087486 -0.5805638130035904
A219BS010440 196.68501817349267 1777.2326847321347 -0.580729582076573
A219BS010440 196.7131667063763 1776.733477760674 -0.5809740031324869
A219BS010440 196.74098582688455 1776.234252344432 -0.5812573970600696
A219BS010440 196.76864171520057 1775.7350178702509 -0.581560102449917
A219BS010440 196.79410811812275 1775.2356668739035 -0.5817716894064695
A219BS010440 196.8192658037806 1774.736300223681 -0.5819704299854238
A219BS010320 196.8229587202659 1774.6629977999255 -0.581999603271484
A219BS010320 196.84525793003797 1774.1634955010718 -0.5815538640623736
A219BS010320 196.86755713981006 1773.663993202218 -0.5811081248532632
A219BS010320 196.88958688447667 1773.164479668183 -0.5801491327635191
A219BS010320 196.91161662914328 1772.664966134148 -0.5791901406737748
A219BS010320 196.9336463738099 1772.165452600113 -0.5782311485840306
A219BS010320 196.95586979594967 1771.6659470523762 -0.5776590571321989
A219BS010320 196.97797622997916 1771.1664360832035 -0.5773472067697752
A219BS010320 197.00022898923746 1770.6669320456233 -0.5766184088888118
A219BS010320 197.02255490457517 1770.1674316201713 -0.5756811375073606
A219BS010320 197.04491739628187 1769.6679330373647 -0.5746396295458351
A219BS010320 197.06694220996215 1769.1684198630562 -0.573416406470088
A219BS010320 197.08895118050194 1768.6689049838053 -0.572715961877719
A219BS010320 197.11149630599257 1768.1694146191126 -0.5716705453351553
A219BS010303 197.12595872185193 1767.8489978010766 -0.5709999237060543
A219BS010303 197.14780372121936 1767.3494754686378 -0.5705147459249024
A219BS010303 197.16157852667703 1766.8496659661405 -0.5696686088934204
A219BS010303 197.17131622558915 1766.3497618519466 -0.5686420456985304
A219BS010303 197.17959020184654 1765.8498311002986 -0.567756114771917
A219BS010303 197.18713240555013 1765.3498886536886 -0.5669404917453265
A219BS010303 197.19430877772757 1764.849940765862 -0.5661600174821114
A219BS010303 197.2006707550694 1764.3499822707938 -0.5651458904700067
A219BS010303 197.20662559625043 1763.8500190112861 -0.5640149577154264
A219BS010303 197.21237690236316 1763.3500535044927 -0.5628256323246621
A219BS010303 197.2170361661616 1762.850075902206 -0.5619958898340129
A219BS010303 197.22192526844 1762.3501006286547 -0.5610889630776439
A219BS010303 197.2269292695967 1761.850126563348 -0.5601434509614852
A219BS010303 197.23061505200636 1761.350140430221 -0.5596127074587528
A219BS010303 197.2335163849849 1760.8501489285761 -0.5593288942704041
A219BS010303 197.2360255592798 1760.35015525029 -0.5591685248151429
A219BS010303 197.23875248277213 1759.8501627398107 -0.5593995070487082
A219BS010303 197.2415882605833 1759.3501709635214 -0.559826130083212
A219BS010303 197.2444784555705 1758.8501795918453 -0.5603505559262458
A219BS010303 197.24727325546868 1758.3501874921503 -0.5606494475770265
A219BS010303 197.24978195544745 1757.8501938117233 -0.5608105606888687
A219BS010303 197.25214763078313 1757.350199416682 -0.5609027968814446
A219BS010303 197.25480611777715 1756.8502065254927 -0.5611057919891606
A219BS010303 197.25761098387278 1756.3502144595818 -0.56136415656246
A219BS010303 197.26048902622242 1755.850222824601 -0.5616502008683736
A219BS010303 197.26311403978292 1755.350229811005 -0.561959488843038
A219BS010303 197.26561256149634 1754.8502361566377 -0.5622803965275316
A219BS010303 197.26804784864035 1754.3502421940414 -0.5626071130106132
A219BS010303 197.27074581265444 1753.8502495819473 -0.5629370244771289
A219BS010303 197.27357509113247 1753.3502576967278 -0.5632685331130503
A219BS010303 197.27647001490797 1752.8502661878115 -0.5636008401808319
A219BS010303 197.27897413162628 1752.3502724929738 -0.5637866409718513
A219BS010303 197.2812442075672 1751.850277656076 -0.5638857911303957
A219BS010303 197.28339728408037 1751.3502822949533 -0.5639416238024753
A219BS010303 197.2859436144873 1750.8502888950015 -0.5642825141096827
A219BS010303 197.28868653541844 1750.350296652346 -0.56476590736515
A219BS010303 197.2915277335217 1749.8503050324393 -0.5653205391148806
A219BS010303 197.29413493835992 1749.3503119316654 -0.5656393828342663
A219BS010303 197.2970131247481 1748.8503203295566 -0.5659768197508188
A219BS010303 197.30002677694694 1748.3503295319638 -0.5663235515375601
A219BS010303 197.3026691602071 1747.8503366316052 -0.5666661907354017
A219BS010303 197.3051259422232 1747.3503427834246 -0.567006783940228
A219BS010303 197.30748994042273 1746.8503484872526 -0.5673463543176045
A219BS010303 197.3097039236531 1746.3503534329825 -0.5675560769424166
A219BS010303 197.31184291295955 1745.850358029249 -0.5677008875293235
A219BS010303 197.31394441212265 1745.3503624581922 -0.5678132480243889
A219BS010303 197.31613004476887 1744.8503672724073 -0.5680061259509103
A219BS010303 197.31835773642655 1744.3503722893918 -0.5682392552339335
A219BS010303 197.32060645373542 1743.8503774102837 -0.5684925065159862
A219BS010303 197.32276262984814 1743.3503820603996 -0.5685241121703
A219BS010303 197.3248725436265 1742.8503865184277 -0.5684449152471625
A219BS010303 197.32695933042154 1742.3503908912398 -0.568310327167121
A219BS010303 197.32913756509117 1741.8503956373795 -0.5683478881979541
A219BS010303 197.33136151521438 1741.3504005986401 -0.5684715080453463
A219BS010303 197.33360831885034 1740.850405674562 -0.5686381494259939
A219BS010303 197.33576352937078 1740.3504103311925 -0.5687462078094668
A219BS010303 197.33787295167568 1739.85041478708 -0.568824980052545
A219BS010303 197.33995948405394 1739.3504191448292 -0.5688891119053113
A219BS010303 197.3421375878361 1738.8504239163503 -0.569054527647722
A219BS010303 197.34436146888027 1738.350428908699 -0.5692705760625545
A219BS010303 197.34660823434947 1737.850434014935 -0.5695119361772204
A219BS010303 197.34876342667795 1737.3504386829586 -0.5696640803411379
A219BS010303 197.3508728407649 1736.850443144172 -0.5697716246919143
A219BS010303 197.35295936990977 1736.3504475050622 -0.5698568732191074
A219BS010303 197.35513747091287 1735.8504522517137 -0.5699069239155798
A219BS010303 197.3573613494293 1735.3504571984272 -0.5699393789186878
A219BS010303 197.35960811250217 1734.8504622469568 -0.5699630376863887
A219BS010303 197.36176330442873 1734.350466892015 -0.5699766202601718
A219BS010303 197.36387271914026 1733.8504713417383 -0.5699851656595426
A219BS010303 197.36595924943032 1733.350475695402 -0.5699911929330379
A219BS010303 197.36813734992097 1732.850480456627 -0.5701218854810386
A219BS010303 197.37036122704905 1732.3504854395358 -0.5703148992464977
A219BS010303 197.3726079882822 1731.8504905377495 -0.5705390679095602
A219BS010303 197.3747619934497 1731.3504952069297 -0.5707105911692965
A219BS010303 197.3769718776901 1730.8505001414999 -0.5709363285871988
A219BS010303 197.3792096963266 1730.3505052132857 -0.5711891681144281
A219BS010303 197.38146147959608 1729.8505103548027 -0.5714555562120316
A219BS010303 197.38387092807315 1729.3505161621033 -0.5714982757130997
A219BS010303 197.38635919444872 1728.8505223583852 -0.5714291813886554
A219BS010303 197.38888686247623 1728.3505287631547 -0.5713041904065139
A219BS010303 197.39126605690592 1727.8505344430228 -0.5714430057100414
A219BS010303 197.39357102781446 1727.350539829218 -0.5717136999646433
A219BS010303 197.39605328037908 1726.8505460104993 -0.5718539335206603
A219BS010303 197.39862548807912 1726.350552631893 -0.5719253281630875
A219BS010303 197.40124266503122 1725.8505594829228 -0.5719623096730803
A219BS010303 197.40388451762325 1725.3505664626996 -0.5719808285142007
A219BS010303 197.4065387461292 1724.850573507764 -0.5719900945386491
A219BS010303 197.4091991614535 1724.3505805856453 -0.571994735005319
A219BS010303 197.4116980531911 1723.8505868564614 -0.5718325104182956
A219BS010303 197.4141161977704 1723.3505927642593 -0.5715868686453988
A219BS010303 197.41649397614736 1722.850598500688 -0.5712995259557613
A219BS010303 197.41901504719075 1722.3506048568875 -0.5713184945437432
A219BS010303 197.42160775097312 1721.850611608663 -0.5714905906316545
A219BS010303 197.4242362644183 1721.3506185796193 -0.5717392363630083
A219BS010303 197.42688382554317 1720.8506256051771 -0.5718654446427083
A219BS010303 197.4295409086921 1720.350632669543 -0.5719304454734451
A219BS010303 197.43220275196026 1719.8506397561864 -0.5719648482199923
A219BS010303 197.43470225551692 1719.35064600404 -0.571982068844758
A219BS010303 197.43712060407475 1718.8506518525585 -0.5719906999909822
A219BS010303 197.43949838259024 1718.35065750644 -0.5719950371896657
A219BS010303 197.4420186758407 1717.850663858363 -0.5719972056528725
A219BS010303 197.44461021324548 1717.3506705744755 -0.5719982899481796
A219BS010303 197.4472373661379 1716.8506774764558 -0.5719988322595052
A219BS010303 197.44988423782493 1716.3506844824346 -0.5719991033682564
A219BS010303 197.4525409670891 1715.850691540695 -0.5719992389007327
A219BS010303 197.4552026242323 1715.350698625164 -0.5719993066575751
A219BS010303 197.45770204129533 1714.8507048722886 -0.5719993405297857
A219BS010303 197.46012035317742 1714.350710720555 -0.571999357462803
A219BS010303 197.4624981199268 1713.8507163743618 -0.5719993659277859
A219BS010303 197.46501840070098 1713.3507227262173 -0.571999370159497
A219BS010303 197.4676099252657 1712.850729442262 -0.5719993722749624
A219BS010303 197.47023706513176 1712.3507363441736 -0.5719993733325004
A219BS010303 197.47285203540702 1711.85074318229 -0.5719993738611718
A219BS010303 197.4754609220094 1711.3507499886257 -0.5719993741254588
A219BS010303 197.47794578171994 1710.8507561856454 -0.5721492194755367
A219BS010303 197.4803686392841 1710.3507621064336 -0.5723739735379433
A219BS010303 197.4827605014645 1709.8507678962214 -0.5726361750380814
A219BS010303 197.48542376388994 1709.350775076835 -0.5729321399670376
A219BS010303 197.48822270110364 1708.8507830088183 -0.5732449834626683
A219BS010303 197.4910894630979 1708.3507913304336 -0.5735662646734436
A219BS010303 197.49360862437962 1707.8507977109043 -0.5737513498241485
A219BS010303 197.4959540168493 1707.3508032254895 -0.5738683494720306
A219BS010303 197.49873998888367 1706.8508111191704 -0.5742316378251298
A219BS010303 197.50174620897337 1706.3508203932101 -0.5747180476612322
A219BS010303 197.5048625323676 1705.850830405041 -0.5752660067683463
A219BS010303 197.50747702559167 1705.3508373318548 -0.5755679851987299
A219BS010303 197.5098406489532 1704.8508429506467 -0.575746995916213
A219BS010303 197.51207886047803 1704.350847974078 -0.5758645342120459
A219BS010303 197.5146571818372 1703.850854754484 -0.576228703273267
A219BS010303 197.51740552575492 1703.3508625455577 -0.5767161646507745
A219BS010303 197.5202388648769 1702.8508708749441 -0.5772652606291723
A219BS010303 197.5226983537874 1702.3508770156502 -0.5775678868989474
A219BS010303 197.52497095174667 1701.8508822125682 -0.5777473012281154
A219BS010303 197.52715012157591 1701.3508869752536 -0.5778651211215619
A219BS010303 197.52969792377297 1700.8508935994382 -0.5782295998448326
A219BS010303 197.53243000689653 1700.3509013017099 -0.5787173847870674
A219BS010303 197.53525421296217 1699.8509095797876 -0.5792668112137983
A219BS010303 197.53770817002152 1699.3509156933142 -0.579569439542153
A219BS010303 197.53997703660113 1698.850920873228 -0.5797486918962333
A219BS010303 197.54215337521632 1698.3509256235245 -0.5798662678774087
A219BS010303 197.5448510970427 1697.8509330338118 -0.5802303134698041
A219BS010303 197.5478094601437 1697.3509420232242 -0.5807175705297055
A219BS010303 197.55089811885736 1696.8509518643712 -0.5812664216071834
A219BS010303 197.55349814280996 1696.35095871594 -0.5815687412153568
A219BS010303 197.5558538943561 1695.850964297605 -0.5817478182331773
A219BS010303 197.55808753264307 1695.3509693005687 -0.5818652856450879
A219BS010303 197.56066372431616 1694.8509760700722 -0.5822295576611412
A219BS010303 197.5634111594596 1694.350983856336 -0.5827172084415907
A219BS010303 197.5662441998317 1693.8509921842847 -0.5832665368111506
A219BS010303 197.56870269956636 1693.350998320104 -0.5835691269586234
A219BS010303 197.57097396388963 1692.8510035109011 -0.5837483713884134
A219BS010303 197.57315162823005 1692.3510082669716 -0.5838659547340024
A219BS010303 197.57569857165672 1691.8510147991722 -0.5840786448860875
A219BS010303 197.5784301187998 1691.3510223283006 -0.5843388793110086
A219BS010303 197.58125394996796 1690.851030383045 -0.5846228813036319
A219BS010303 197.5838591656036 1690.351037194598 -0.5847789513887922
A219BS010303 197.5863550941671 1689.8510434327816 -0.5848710677618869
A219BS010303 197.58879638961844 1689.3510493963581 -0.5849312134118498
A219BS010303 197.5914889719532 1688.8510567581914 -0.5852655478424916
A219BS010303 197.59430717309837 1688.351064922736 -0.5857369503274272
A219BS010303 197.597188171435 1687.8510735144785 -0.5862768736475269
A219BS010303 197.59967181875277 1687.3510797716974 -0.5865746582940989
A219BS010303 197.60195682785337 1686.851085024228 -0.586751396723872
A219BS010303 197.604142536789 1686.3510898150832 -0.5868676236877786
A219BS010303 197.60758537634075 1685.8511017804828 -0.587202455301437
A219BS010303 197.6118615917705 1685.3511200832565 -0.5873305967686862
A219BS010303 197.61655440945455 1684.8511421068952 -0.5873554130995879
A219BS010303 197.62145548590422 1684.3511661287428 -0.5873285770403338
A219BS010303 197.62646067079567 1683.8511911840192 -0.5872759198977209
A219BS010303 197.6315178995131 1683.3512167645347 -0.5872103547710672
A219BS010303 197.63660114496736 1682.8512426097736 -0.5871383369310753
A219BS010303 197.6388710386867 1682.3512477751535 -0.5870246017570381
A219BS010303 197.63973448041767 1681.8512485387998 -0.5868900129857167
A219BS010303 197.6398948405541 1681.351248585544 -0.5867449999940908
A219BS010303 197.6397037359341 1680.8512486446323 -0.5865947761290116
A219BS010303 197.63933693737954 1680.35124880253 -0.5864419474244853
A219BS010303 197.63888231111662 1679.8512490329715 -0.5862878165925928
A219BS010303 197.6397452988947 1679.3512497974166 -0.5861474716887621
A219BS010303 197.64126694989753 1678.8512521306536 -0.5860140186333821
A219BS010303 197.64311785854883 1678.3512555734303 -0.5858840108255032
A219BS010303 197.64513335896805 1677.8512596521462 -0.5857557252779156
A219BS010303 197.6472311367812 1677.3512640690744 -0.5856283006730663
A219BS010303 197.64937004406366 1676.8512686601473 -0.5855013064445456
A219BS010303 197.65152951147272 1676.3512733395416 -0.5853745273563494
A219BS010303 197.65369925664282 1675.8512780634037 -0.5852478558143196
A219BS010303 197.65655496491294 1675.3512862240193 -0.5851738341633477
A219BS010303 197.65975357634483 1674.8512964575148 -0.5851261316494661
A219BS010303 197.663123600304 1674.3513078158987 -0.5850915857586214
A219BS010303 197.66657931109944 1673.8513197587608 -0.5850636167011584
A219BS010303 197.670077855633 1673.3513319993338 -0.5850389353206519
A219BS010303 197.6719290187327 1672.8513354337656 -0.5849516701042804
A219BS010303 197.6729566633769 1672.3513365038743 -0.5848331201564457
A219BS010303 197.67357264196576 1671.8513369013108 -0.5846989315429105
A219BS010303 197.6739828350105 1671.351337089735 -0.5845569254404693
A219BS010303 197.67429015913936 1670.851337205474 -0.5844110115098591
A219BS010303 197.67454606075225 1670.3513372928244 -0.5842631441213241
A219BS010303 197.67879940957036 1669.8513554063952 -0.5841139242285417
A219BS010303 197.6850509954986 1669.3513945127188 -0.5839640317895997
A219BS010303 197.69230140846662 1668.8514471065414 -0.5838138040606574
A219BS010303 197.7000510893787 1668.3515071903244 -0.5836634089567142
A219BS010303 197.70805033305663 1667.8515712049655 -0.5835129302443959
A219BS010303 197.7161743231051 1667.3516372311956 -0.5833624097534258
A219BS010303 197.72436066900633 1666.8517042746123 -0.5832118683823844
A219BS010303 197.73039419599138 1666.351740731786 -0.5829829651535465
A219BS010303 197.73535155497265 1665.8517653796644 -0.582714892906419
A219BS010303 197.73977097269673 1665.3517849940451 -0.5824272421255674
A219BS010303 197.74854881271168 1664.8518620770512 -0.5822641809509118
A219BS010303 197.75950509143482 1664.3519821416662 -0.582163404302334
A219BS010303 197.77155017025618 1663.852127251497 -0.5820937608792591
A219BS010303 197.78453105155887 1663.3522957845237 -0.5820571001190189
A219BS010303 197.797979660372 1662.8524766827338 -0.5820369252170844
A219BS010303 197.8116620494278 1662.3526639257066 -0.5820249904631738
A219BS010303 197.8254612878501 1661.8528543810219 -0.5820171743873485
A219BS010303 197.83931893085136 1661.353046452216 -0.5820114169520726
A219BS010303 197.85320576616235 1660.8532393336366 -0.5820066884878382
A219BS010303 197.86946290401005 1660.3535037067252 -0.5819136050641975
A219BS010303 197.88690467037085 1659.8538080333901 -0.5817763593163399
A219BS010303 197.9049385086187 1659.3541333839476 -0.5816170403597336
A219BS010303 197.92326826894669 1658.8544695060589 -0.5814466887733886
A219BS010303 197.9417459355403 1658.3548110778218 -0.581270822846748
A219BS010303 197.95970629754785 1657.8551337656124 -0.5811756396862173
A219BS010303 197.97740809134112 1657.3554472203791 -0.5811207836816067
A219BS010303 197.9949806450648 1656.8557561116413 -0.5810860841085279
A219BS010303 198.0124886012404 1656.356062734795 -0.5810614591746637
A219BS010303 198.02996426999678 1655.856368227503 -0.581041869772144
A219BS010303 198.04742380074737 1655.35667315599 -0.5810247972413934
A219BS010303 198.06134725262248 1654.8568670561835 -0.5810156186231175
A219BS010303 198.07350297626496 1654.3570148396682 -0.5810103858552926
A219BS010303 198.08477510784155 1653.8571419167777 -0.581007125302759
A219BS010303 198.09560560000213 1653.3572592301057 -0.5810048504826478
A219BS010303 198.1062153548331 1652.8573718096807 -0.5810030683384739
A219BS010303 198.12033467419118 1652.3575712238435 -0.5808644405547548
A219BS010303 198.13620788707445 1651.8578232891264 -0.5806574169821852
A219BS010303 198.15295761786047 1651.3581039795756 -0.5804162103347205
A219BS010303 198.1701454053701 1650.8583995536933 -0.5801579195606554
A219BS010303 198.18755212422982 1650.3587027106566 -0.5798910903878797
A219BS010303 198.20506826142224 1649.8590096934506 -0.5796199938324272
A219BS010303 198.2226390844215 1649.3593185973473 -0.5793467644892569
A219BS010303 198.24060359890225 1648.8596414838157 -0.579105036962769
A219BS010303 198.25876487206824 1648.3599714756217 -0.5788790537719094
A219BS010303 198.27702448204886 1647.8603050478225 -0.5786609394440476
A219BS010303 198.29533323943866 1647.3606404167658 -0.578446757891957
A219BS010303 198.31366656010405 1646.8609766855247 -0.5782345418993512
A219BS010303 198.3322239923844 1646.361321249193 -0.577976372979679
A219BS010303 198.3508934317761 1645.8616699978231 -0.5776952373026967
A219BS010303 198.36961885073686 1645.3620208478571 -0.5774026230958309
A219BS010303 198.38837224758396 1644.8623727505994 -0.5771042720463533
A219BS010303 198.40713962745033 1644.3627251800854 -0.5768030537859083
A219BS010303 198.4259139958714 1643.863077872985 -0.5765004025248077
A219BS010303 198.44480969001052 1643.363435177316 -0.5761406700817703
A219BS010303 198.4637660209121 1642.8637947998723 -0.575752409095457
A219BS010303 198.4827526572772 1642.36415558442 -0.5753498898575689
A219BS010303 198.50175443994956 1641.8645169505594 -0.5749402445021483
A219BS010303 198.52076379257267 1641.3648786075823 -0.5745270375913034
A219BS010303 198.5398054757576 1640.8652414141504 -0.5742283054512811
A219BS010303 198.55886331700023 1640.365604805848 -0.5739867865578597
A219BS010303 198.57792923376223 1639.865968492635 -0.5737738622199686
A219BS010303 198.5969991865551 1639.3663323275655 -0.5735752291279496
A219BS010303 198.61607115650568 1638.8666962367017 -0.5733837386440929
A219BS010303 198.635144134608 1638.3670601829665 -0.5731958179575463
A219BS010303 198.65420555158093 1637.867423652827 -0.5731842789337533
A219BS010303 198.6732611895348 1637.367786907989 -0.573260893539697
A219BS010303 198.69231393897545 1636.8681500616929 -0.5733815663610363
A219BS010303 198.71136524471325 1636.3685131661491 -0.5735242589936911
A219BS010303 198.73041582889033 1635.8688762463569 -0.5736779568857628
A219BS010303 198.74946605243582 1635.3692393145366 -0.5738371550854169
A219BS010303 198.7685294588878 1634.8696029240155 -0.574089744558983
A219BS010303 198.78759945375734 1634.369966810693 -0.5743890099616836
A219BS010303 198.80667274138193 1633.8703308375761 -0.5747116034790825
A219BS010303 198.82574767467338 1633.370694934948 -0.5750458561311038
A219BS010303 198.84482343044704 1632.8710590676533 -0.5753859358901643
A219BS010303 198.86825444072977 1632.371608388793 -0.5754704534661081
A219BS010303 198.89386159309134 1631.872264547457 -0.5754272353780268
A219BS010303 198.92055614590754 1631.372977666607 -0.5753201783955161
A219BS010303 198.94779409759784 1630.8737201432011 -0.575181217053407
A219BS010303 198.97619525676018 1630.374527450933 -0.5750075955458593
A219BS010303 199.00517768890612 1629.8753681755834 -0.5748166524412526
A219BS010303 199.03445060489383 1629.3762258546471 -0.5746170527448419
A219BS010303 199.06386868997467 1628.8770920702923 -0.574413126837377
A219BS010303 199.09335932410767 1628.3779625680324 -0.5742070388608148
A219BS010303 199.1259421170935 1627.8790253973095 -0.5739595064079295
A219BS010303 199.1600698213103 1627.3801915293222 -0.5736912646517566
A219BS010303 199.19496948038594 1626.8814110804433 -0.5734126742763158
A219BS010303 199.23025489305695 1626.3826577755601 -0.5731289124219944
A219BS010303 199.26573307797108 1625.883918147697 -0.5728425661874715
A219BS010303 199.30130759866884 1625.3851853828403 -0.5725549284270988
A219BS010303 199.34175976743163 1624.8868247318908 -0.5720223614412449
A219BS010303 199.38464822758192 1624.388667978433 -0.5713674031191971
A219BS010303 199.42875379670943 1623.890617593481 -0.5706512877412195
A219BS010303 199.47346748180735 1623.392621480202 -0.5699046125052319
A219BS010303 199.5184850284112 1622.8946527663898 -0.5691426663736325
A219BS010303 199.56365441358966 1622.3966978142169 -0.5683730892168856
A219BS010303 199.6088996735355 1621.898749756364 -0.5675996987326157
A219BS010303 199.65418284900838 1621.400805148064 -0.5668244026699698
A219BS010303 199.69948497142096 1620.902862264649 -0.5660481543588587
A219BS010303 199.74479656191915 1620.4049202434596 -0.5652714301933041
A219BS010303 199.79745042067108 1619.9077011635027 -0.5644009790399687
A219BS010303 199.85376953812712 1619.4108839781013 -0.5634837555789327
A219BS010303 199.91191896309365 1618.914277736001 -0.5625431796390464
A219BS010303 199.97098261148835 1618.4177794191069 -0.561590940340331
A219BS010303 200.0305029736573 1617.9213356573398 -0.5606328746914029
A219BS010303 200.09025151177212 1617.4249193111973 -0.5596718982386816
A219BS010303 200.15011405206715 1616.9285167024245 -0.5587094674942433
A219BS010303 200.2100335517566 1616.4321209672646 -0.5577463101397745
A219BS010303 200.26998151060465 1615.9357286689174 -0.556782789743274
A219BS010303 200.33042249458563 1615.4393962239576 -0.5557870309238975
A219BS010303 200.39110979362846 1614.9430938686723 -0.5547751647103162
A219BS010303 200.45192015699593 1614.4468065935157 -0.5537552506207298
A219BS010303 200.51279200734606 1613.9505268645405 -0.5527313154792942
A219BS010303 200.57369457896377 1613.4542509088376 -0.5517053712482205
A219BS010303 200.634612500199 1612.9579768391443 -0.5506784231884972
A219BS010303 200.69553809076075 1612.4617037119633 -0.5496509735719115
A219BS010303 200.75646751325206 1611.9654310557478 -0.548623273355406
A219BS010303 200.8173988503437 1611.4691586348588 -0.5475954479281097
A219BS010303 200.87835280375043 1610.9728888914651 -0.5466170022157975
A219BS010303 200.93931805699938 1610.4766204880657 -0.5456632287995974
A219BS010303 201.00028895608227 1609.9803527547358 -0.5447217827557564
A219BS010303 201.06126267605686 1609.4840853563394 -0.5437864960130834
A219BS010303 201.1222378054696 1608.9878181253248 -0.5428542867299805
A219BS010303 201.18321363909902 1608.49155097795 -0.5419236150819188
A219BS010303 201.244189824586 1607.9952838723675 -0.5409937117043911
A219BS010303 201.3051661858765 1607.499016787667 -0.5400641921888307
A219BS010303 201.3661326596704 1607.0027486291024 -0.5390622600182593
A219BS010303 201.42709419274516 1606.506479937961 -0.5380241472874363
A219BS010303 201.48805325709614 1606.0102109817128 -0.5369679571493867
A219BS010303 201.549011087933 1605.5139418932529 -0.5359027347391301
A219BS010303 201.60996830244403 1605.017672738796 -0.5348329994060602
A219BS010303 201.67092520900954 1604.5214035513795 -0.5337610092170533
A219BS010303 201.73188199518472 1604.0251343510804 -0.5326881375006618
A219BS010314-A219BS010315 201.7709587336285 1603.706997799687 0
A219BS010314-A219BS010315 201.7956218905969 1603.2076064379444 0
A219BS010314-A219BS010315 201.82016774760183 1602.7082092692726 0
A219BS010314-A219BS010315 201.84459748863375 1602.2088063522847 0
A219BS010314-A219BS010315 201.86891229768324 1601.7093977455945 0
A219BS010314-A219BS010315 201.89311335874078 1601.209983507815 0
A219BS010314-A219BS010315 201.9172018557969 1600.71056369756 0
A219BS010314-A219BS010315 201.94117897284207 1600.2111383734425 0
A219BS010314-A219BS010315 201.96504589386683 1599.7117075940764 0
A219BS010314-A219BS010315 201.9888038028617 1599.2122714180746 0
A219BS010314-A219BS010315 202.01245388381722 1598.7128299040505 0
A219BS010314-A219BS010315 202.03599732072382 1598.213383110618 0
A219BS010314-A219BS010315 202.0594352975721 1597.71393109639 0
A219BS010314-A219BS010315 202.08276899835252 1597.2144739199803 0
A219BS010314-A219BS010315 202.10599960705562 1596.7150116400019 0
A219BS010314-A219BS010315 202.1291283076719 1596.2155443150682 0
A219BS010314-A219BS010315 202.15215628419185 1595.716072003793 0
A219BS010314-A219BS010315 202.17508472060604 1595.2165947647893 0
A219BS010314-A219BS010315 202.19791480090493 1594.717112656671 0
A219BS010314-A219BS010315 202.22064770907906 1594.2176257380506 0
A219BS010314-A219BS010315 202.24328462911893 1593.7181340675425 0
A219BS010314-A219BS010315 202.26582674501506 1593.2186377037594 0
A219BS010314-A219BS010315 202.28827524075794 1592.719136705315 0
A219BS010314-A219BS010315 202.31063130033814 1592.2196311308226 0
A219BS010314-A219BS010315 202.3328961077461 1591.7201210388957 0
A219BS010314-A219BS010315 202.3550708469724 1591.2206064881475 0
A219BS010314-A219BS010315 202.3771567020075 1590.7210875371916 0
A219BS010314-A219BS010315 202.39915485684196 1590.2215642446413 0
A219BS010314-A219BS010315 202.42106649546625 1589.7220366691101 0
A219BS010314-A219BS010315 202.44289280187093 1589.2225048692112 0
A219BS010314-A219BS010315 202.46463496004645 1588.722968903558 0
A219BS010314-A219BS010315 202.48629415398335 1588.2234288307643 0
A219BS010314-A219BS010315 202.50787156767217 1587.723884709443 0
A219BS010314-A219BS010315 202.5293683851034 1587.2243365982076 0
A219BS010314-A219BS010315 202.55078579026755 1586.7247845556717 0
A219BS010314-A219BS010315 202.57212496715513 1586.2252286404484 0
A219BS010314-A219BS010315 202.59338709975668 1585.7256689111516 0
A219BS010314-A219BS010315 202.61457337206267 1585.2261054263943 0
A219BS010314-A219BS010315 202.63568496806366 1584.7265382447897 0
A219BS010314-A219BS010315 202.65672307175012 1584.2269674249517 0
A219BS010314-A219BS010315 202.67768886711258 1583.7273930254935 0
A219BS010314-A219BS010315 202.69858353814155 1583.2278151050282 0
A219BS010314-A219BS010315 202.71940826882758 1582.7282337221695 0
A219BS010314-A219BS010315 202.7401642431611 1582.228648935531 0
A219BS010314-A219BS010315 202.7608526451327 1581.7290608037256 0
A219BS010314-A219BS010315 202.78147465873286 1581.229469385367 0
A219BS010314-A219BS010315 202.8020314679521 1580.7298747390687 0
A219BS010314-A219BS010315 202.82252425678095 1580.2302769234436 0
A219BS010314-A219BS010315 202.8429542092099 1579.7306759971057 0
A219BS010314-A219BS010315 202.86332250922945 1579.2310720186679 0
A219BS010314-A219BS010315 202.8836303408301 1578.731465046744 0
A219BS010314-A219BS010315 202.90387888800245 1578.2318551399471 0
A219BS010314-A219BS010315 202.9240693347369 1577.7322423568908 0
A219BS010314-A219BS010315 202.94420286502407 1577.2326267561882 0
A219BS010314-A219BS010315 202.96428066285438 1576.7330083964532 0
A219BS010314-A219BS010315 202.9843039122184 1576.2333873362986 0
A219BS010314-A219BS010315 203.00427379710663 1575.7337636343384 0
A219BS010314-A219BS010315 203.02419150150956 1575.2341373491854 0
A219BS010314-A219BS010315 203.04405820941776 1574.7345085394534 0
A219BS010314-A219BS010315 203.06387510482168 1574.2348772637556 0
A219BS010314-A219BS010315 203.08364337171184 1573.7352435807056 0
A219BS010314-A219BS010315 203.1033641940788 1573.2356075489165 0
A219BS010314-A219BS010315 203.12303875591303 1572.735969227002 0
A219BS010314-A219BS010315 203.14266824120506 1572.2363286735754 0
A219BS010314-A219BS010315 203.16225383394539 1571.73668594725 0
A219BS010314-A219BS010315 203.18179671812453 1571.2370411066393 0
A219BS010314-A219BS010315 203.20129807773301 1570.7373942103563 0
A219BS010314-A219BS010315 203.22075909676136 1570.2377453170152 0
A219BS010314-A219BS010315 203.24018095920005 1569.7380944852287 0
A219BS010314-A219BS010315 203.2595648490396 1569.2384417736105 0
A219BS010314-A219BS010315 203.27891195027055 1568.738787240774 0
A219BS010314-A219BS010315 203.2982234468834 1568.2391309453324 0
A219BS010314-A219BS010315 203.31750052286867 1567.7394729458993 0
A219BS010314-A219BS010315 203.33674436221685 1567.239813301088 0
A219BS010314-A219BS010315 203.35595614891847 1566.7401520695116 0
A219BS010314-A219BS010315 203.37513706696404 1566.2404893097842 0
A219BS010314-A219BS010315 203.39428830034407 1565.7408250805188 0
A219BS010314-A219BS010315 203.41341103304907 1565.2411594403286 0
A219BS010314-A219BS010315 203.43250644906956 1564.7414924478273 0
A219BS010314-A219BS010315 203.45157573239607 1564.241824161628 0
A219BS010314-A219BS010315 203.47062006701907 1563.7421546403446 0
A219BS010314-A219BS010315 203.4896406369291 1563.24248394259 0
A219BS010314-A219BS010315 203.50863862611666 1562.742812126978 0
A219BS010314-A219BS010315 203.5276152185723 1562.2431392521214 0
A219BS010314-A219BS010315 203.54657159828648 1561.7434653766343 0
A219BS010314-A219BS010315 203.56550894924973 1561.2437905591296 0
A219BS010314-A219BS010315 203.5844284554526 1560.7441148582209 0
A219BS010314-A219BS010315 203.60333130088554 1560.2444383325214 0
A219BS010314-A219BS010315 203.6222186695391 1559.7447610406448 0
A219BS010314-A219BS010315 203.64109174540383 1559.2450830412042 0
A219BS010314-A219BS010315 203.65995171247016 1558.7454043928135 0
A219BS010314-A219BS010315 203.67879975472866 1558.2457251540854 0
A219BS010314-A219BS010315 203.6976370561698 1557.7460453836338 0
A219BS010314-A219BS010315 203.71646480078414 1557.2463651400717 0
A219BS010314-A219BS010315 203.7352841725622 1556.746684482013 0
A219BS010314-A219BS010315 203.75409635549443 1556.2470034680707 0
A219BS010314-A219BS010315 203.77290253357137 1555.7473221568584 0
A219BS010314-A219BS010315 203.79170389078357 1555.2476406069893 0
A219BS010314-A219BS010315 203.81050161112148 1554.747958877077 0
A219BS010314-A219BS010315 203.82929687857566 1554.2482770257348 0
A219BS010314-A219BS010315 203.84809087713663 1553.748595111576 0
A219BS010314-A219BS010315 203.86688479079484 1553.248913193214 0
A219BS010314-A219BS010315 203.88567980354088 1552.7492313292626 0
A219BS010314-A219BS010315 203.9044770993652 1552.2495495783346 0
A219BS010314-A219BS010315 203.92327786225837 1551.749867999044 0
A219BS010314-A219BS010315 203.94208327621087 1551.2501866500036 0
A219BS010314-A219BS010315 203.9608945252132 1550.750505589827 0
A219BS010314-A219BS010315 203.97971279325589 1550.250824877128 0
A219BS010314-A219BS010315 203.99853926432945 1549.7511445705195 0
A219BS010314-A219BS010315 204.0173751224244 1549.251464728615 0
A219BS010314-A219BS010315 204.03622155153124 1548.751785410028 0
A219BS010314-A219BS010315 204.0550797356405 1548.2521066733718 0
A219BS010314-A219BS010315 204.07395085874268 1547.75242857726 0
A219BS010314-A219BS010315 204.0928361048283 1547.2527511803057 0
A219BS010314-A219BS010315 204.11173665788786 1546.7530745411225 0
A219BS010314-A219BS010315 204.13065370191188 1546.2533987183238 0
A219BS010314-A219BS010315 204.14958842089086 1545.7537237705228 0
A219BS010314-A219BS010315 204.16854199881536 1545.2540497563332 0
A219BS010314-A219BS010315 204.18751561967582 1544.754376734368 0
A219BS010314-A219BS010315 204.20651046746283 1544.2547047632409 0
A219BS010314-A219BS010315 204.22552772616683 1543.7550339015652 0
A219BS010314-A219BS010315 204.2445685797784 1543.2553642079545 0
A219BS010314-A219BS010315 204.263634212288 1542.7556957410218 0
A219BS010314-A219BS010315 204.28272580768618 1542.2560285593806 0
A219BS010314-A219BS010315 204.30184454996342 1541.7563627216446 0
A219BS010314-A219BS010315 204.32099162311025 1541.256698286427 0
A219BS010314-A219BS010315 204.34016821111717 1540.757035312341 0
A219BS010314-A219BS010315 204.35937549797472 1540.2573738580004 0
A219BS010314-A219BS010315 204.37861466767342 1539.7577139820182 0
A219BS010314-A219BS010315 204.39788690420372 1539.2580557430083 0
A219BS010314-A219BS010315 204.4171933915562 1538.7583991995834 0
A219BS010314-A219BS010315 204.43653531372132 1538.2587444103574 0
A219BS010314-A219BS010315 204.45591385468964 1537.7590914339435 0
A219BS010314-A219BS010315 204.47533019845164 1537.2594403289552 0
A219BS010314-A219BS010315 204.49478552899785 1536.759791154006 0
A219BS010314-A219BS010315 204.51428103031878 1536.260143967709 0
A219BS010314-A219BS010315 204.53381788640493 1535.7604988286778 0
A219BS010314-A219BS010315 204.55339728124684 1535.2608557955257 0
A219BS010314-A219BS010315 204.57302039883498 1534.7612149268662 0
A219BS010314-A219BS010315 204.5926884231599 1534.2615762813125 0
A219BS010314-A219BS010315 204.6124025382121 1533.7619399174782 0
A219BS010314-A219BS010315 204.6321639279821 1533.2623058939766 0
A219BS010314-A219BS010315 204.6519737764604 1532.762674269421 0
A219BS010314-A219BS010315 204.6718332676375 1532.2630451024252 0
A219BS010314-A219BS010315 204.69174358550396 1531.763418451602 0
A219BS010314-A219BS010315 204.71170591405027 1531.2637943755653 0
A219BS010314-A219BS010315 204.7317214372669 1530.7641729329282 0
A219BS010314-A219BS010315 204.75179133914443 1530.2645541823044 0
A219BS010314-A219BS010315 204.77191680367335 1529.7649381823069 0
A219BS010314-A219BS010315 204.79209901484415 1529.2653249915493 0
A219BS010314-A219BS010315 204.81233915664737 1528.7657146686452 0
A219BS010314-A219BS010315 204.83263841307348 1528.2661072722076 0
A219BS010314-A219BS010315 204.85299796811304 1527.7665028608499 0
A219BS010314-A219BS010315 204.87341900575657 1527.266901493186 0
A219BS010314-A219BS010315 204.89390270999453 1526.7673032278287 0
A219BS010314-A219BS010315 204.91445026481748 1526.267708123392 0
A219BS010314-A219BS010315 204.93506285421591 1525.7681162384886 0
A219BS010314-A219BS010315 204.95574166218034 1525.2685276317325 0
A219BS010314-A219BS010315 204.97648787270128 1524.7689423617367 0
A219BS010314-A219BS010315 204.99730266976925 1524.2693604871147 0
A219BS010314-A219BS010315 205.01818723737475 1523.76978206648 0
A219BS010314-A219BS010315 205.0391427595083 1523.270207158446 0
A219BS010314-A219BS010315 205.0601704201604 1522.770635821626 0
A219BS010314-A219BS010315 205.0812714033216 1522.2710681146334 0
A219BS010314-A219BS010315 205.10244689298239 1521.7715040960816 0
A219BS010314-A219BS010315 205.12369807313326 1521.271943824584 0
A219BS010314-A219BS010315 205.14502612776474 1520.7723873587543 0
A219BS010314-A219BS010315 205.16643224086735 1520.2728347572054 0
A219BS010314-A219BS010315 205.18791759643162 1519.7732860785509 0
A219BS010314-A219BS010315 205.20948337844803 1519.273741381404 0
A219BS010314-A219BS010315 205.2311307709071 1518.7742007243787 0
A219BS010314-A219BS010315 205.25286095779933 1518.2746641660876 0
A219BS010314-A219BS010315 205.2746751231153 1517.7751317651448 0
A219BS010314-A219BS010315 205.2965744508454 1517.2756035801633 0
A219BS010314-A219BS010315 205.31856012498028 1516.7760796697564 0
A219BS010314-A219BS010315 205.34063332951035 1516.276560092538 0
A219BS010314-A219BS010315 205.36279524842618 1515.7770449071209 0
A219BS010314-A219BS010315 205.38504706571825 1515.277534172119 0
A219BS010314-A219BS010315 205.40738996537712 1514.7780279461454 0
A219BS010314-A219BS010315 205.42982513139324 1514.2785262878133 0
A219BS010314-A219BS010315 205.45235374775714 1513.7790292557365 0
A219BS010314-A219BS010315 205.47497699845937 1513.2795369085284 0
A219BS010314-A219BS010315 205.49769606749044 1512.780049304802 0
A219BS010314-A219BS010315 205.5205121388408 1512.2805665031713 0
A219BS010314-A219BS010315 205.54342639650102 1511.781088562249 0
A219BS010314-A219BS010315 205.5664400244616 1511.281615540649 0
A219BS010314-A219BS010315 205.58955420671302 1510.7821474969844 0
A219BS010314-A219BS010315 205.61277012724585 1510.2826844898689 0
A219BS010314-A219BS010315 205.63608897005057 1509.7832265779157 0
A219BS010314-A219BS010315 205.6595119191177 1509.2837738197381 0
A219BS010314-A219BS010315 205.68304015843776 1508.7843262739495 0
A219BS010314-A219BS010315 205.70667487200123 1508.2848839991636 0
A219BS010314-A219BS010315 205.73041724379866 1507.7854470539937 0
A219BS010314-A219BS010315 205.75426845782056 1507.2860154970529 0
A219BS010314-A219BS010315 205.7782296980574 1506.7865893869548 0
A219BS010314-A219BS010315 205.80230214849973 1506.2871687823128 0
A219BS010314-A219BS010315 205.82648699313808 1505.7877537417405 0
A219BS010314-A219BS010315 205.85078541596295 1505.2883443238509 0
A219BS010314-A219BS010315 205.8751986009648 1504.7889405872575 0
A219BS010314-A219BS010315 205.8997277321342 1504.289542590574 0
A219BS010314-A219BS010315 205.9279183818286 1503.7185290894113 0
A219BS010314-A219BS010315 205.9306359898646 1503.218536585974 0
A219BS010314-A219BS010315 205.93346135563235 1502.7185446798194 0
A219BS010314-A219BS010315 205.9362597723232 1502.2185525759915 0
A219BS010302-A219BS010318 205.93795874464558 1501.914997802116 0
A219BS010302-A219BS010318 205.94127055280552 1501.4150087035198 0
A219BS010302-A219BS010318 205.9450957629983 1500.9150227402038 0
A219BS010302-A219BS010318 205.94942918968164 1500.4150398805002 0
A219BS010302-A219BS010318 205.95426564731315 1499.915060092742 0
A219BS010302-A219BS010318 205.95959995035057 1499.415083345261 0
A219BS010302-A219BS010318 205.96542691325152 1498.9151096063908 0
A219BS010302-A219BS010318 205.9717413504737 1498.4151388444634 0
A219BS010302-A219BS010318 205.9785380764748 1497.9151710278113 0
A219BS010302-A219BS010318 205.98581190571247 1497.4152061247673 0
A219BS010302-A219BS010318 205.99355765264437 1496.9152441036638 0
A219BS010302-A219BS010318 206.0017701317282 1496.4152849328334 0
A219BS010302-A219BS010318 206.01044415742163 1495.9153285806087 0
A219BS010302-A219BS010318 206.01957454418232 1495.4153750153223 0
A219BS010302-A219BS010318 206.02915610646795 1494.9154242053064 0
A219BS010302-A219BS010318 206.03918365873622 1494.415476118894 0
A219BS010302-A219BS010318 206.04965201544476 1493.9155307244177 0
A219BS010302-A219BS010318 206.0605559910513 1493.4155879902096 0
A219BS010302-A219BS010318 206.07189040001344 1492.9156478846028 0
A219BS010302-A219BS010318 206.0836500567889 1492.4157103759294 0
A219BS010302-A219BS010318 206.09582977583537 1491.9157754325222 0
A219BS010302-A219BS010318 206.1084243716105 1491.4158430227137 0
A219BS010302-A219BS010318 206.12142865857197 1490.9159131148365 0
A219BS010302-A219BS010318 206.13483745117745 1490.415985677223 0
A219BS010302-A219BS010318 206.1486455638846 1489.9160606782061 0
A219BS010302-A219BS010318 206.1628478111511 1489.416138086118 0
A219BS010302-A219BS010318 206.17743900743466 1488.9162178692916 0
A219BS010302-A219BS010318 206.1924139671929 1488.4162999960593 0
A219BS010302-A219BS010318 206.20776750488352 1487.9163844347534 0
A219BS010302-A219BS010318 206.2234944349642 1487.4164711537069 0
A219BS010302-A219BS010318 206.23958957189262 1486.9165601212521 0
A219BS010302-A219BS010318 206.25604773012645 1486.4166513057216 0
A219BS010302-A219BS010318 206.27286372412334 1485.9167446754482 0
A219BS010302-A219BS010318 206.29003236834097 1485.416840198764 0
A219BS010302-A219BS010318 206.30754847723705 1484.916937844002 0
A219BS010302-A219BS010318 206.3254068652692 1484.4170375794943 0
A219BS010302-A219BS010318 206.34360234689515 1483.917139373574 0
A219BS010302-A219BS010318 206.3621297365725 1483.4172431945733 0
A219BS010302-A219BS010318 206.38098384875903 1482.9173490108249 0
A219BS010302-A219BS010318 206.4001594979123 1482.4174567906612 0
A219BS010302-A219BS010318 206.41965149849008 1481.917566502415 0
A219BS010302-A219BS010318 206.43945466495 1481.4176781144188 0
A219BS010302-A219BS010318 206.45956381174972 1480.917791595005 0
A219BS010302-A219BS010318 206.47997375334694 1480.4179069125062 0
A219BS010302-A219BS010318 206.5006793041993 1479.918024035255 0
A219BS010302-A219BS010318 206.52167527876452 1479.4181429315843 0
A219BS010302-A219BS010318 206.54295649150023 1478.918263569826 0
A219BS010302-A219BS010318 206.56451775686415 1478.4183859183133 0
A219BS010302-A219BS010318 206.58635388931393 1477.9185099453782 0
A219BS010302-A219BS010318 206.60845970330723 1477.4186356193536 0
A219BS010302-A219BS010318 206.63083001330176 1476.9187629085723 0
A219BS010302-A219BS010318 206.65345963375515 1476.4188917813663 0
A219BS010302-A219BS010318 206.6763433791251 1475.9190222060683 0
A219BS010302-A219BS010318 206.69947606386927 1475.419154151011 0
A219BS010302-A219BS010318 206.72285250244536 1474.9192875845272 0
A219BS010302-A219BS010318 206.74646750931103 1474.419422474949 0
A219BS010302-A219BS010318 206.77031589892394 1473.9195587906092 0
A219BS010302-A219BS010318 206.79439248574178 1473.4196964998403 0
A219BS010302-A219BS010318 206.81869208422222 1472.919835570975 0
A219BS010302-A219BS010318 206.84320950882295 1472.4199759723456 0
A219BS010302-A219BS010318 206.8679395740016 1471.9201176722847 0
A219BS010302-A219BS010318 206.8928770942159 1471.4202606391252 0
A219BS010302-A219BS010318 206.91801688392346 1470.9204048411993 0
A219BS010302-A219BS010318 206.94335375758203 1470.4205502468399 0
A219BS010302-A219BS010318 206.96888252964922 1469.920696824379 0
A219BS010302-A219BS010318 206.99459801458272 1469.4208445421498 0
A219BS010302-A219BS010318 207.02049502684022 1468.9209933684845 0
A219BS010302-A219BS010318 207.0465683808794 1468.4211432717157 0
A219BS010302-A219BS010318 207.0728128911579 1467.9212942201762 0
A219BS010302-A219BS010318 207.09922337213342 1467.421446182198 0
A219BS010302-A219BS010318 207.12579463826364 1466.9215991261142 0
A219BS010302-A219BS010318 207.15252150400622 1466.4217530202573 0
A219BS010302-A219BS010318 207.1793987838188 1465.9219078329595 0
A219BS010302-A219BS010318 207.20642129215915 1465.4220635325537 0
A219BS010302-A219BS010318 207.23358384348484 1464.9222200873724 0
A219BS010302-A219BS010318 207.2608812522536 1464.4223774657482 0
A219BS010302-A219BS010318 207.2883083329231 1463.9225356360134 0
A219BS010302-A219BS010318 207.315859899951 1463.422694566501 0
A219BS010302-A219BS010318 207.34353076779496 1462.922854225543 0
A219BS010302-A219BS010318 207.3713157509127 1462.4230145814724 0
A219BS010302-A219BS010318 207.39920966376184 1461.9231756026218 0
A219BS010302-A219BS010318 207.4272073208001 1461.4233372573235 0
A219BS010302-A219BS010318 207.45530353648513 1460.92349951391 0
A219BS010302-A219BS010318 207.4834931252746 1460.4236623407141 0
A219BS010302-A219BS010318 207.51177090162622 1459.9238257060683 0
A219BS010302-A219BS010318 207.54013167999761 1459.4239895783053 0
A219BS010302-A219BS010318 207.5685702748465 1458.9241539257573 0
A219BS010302-A219BS010318 207.59708150063054 1458.424318716757 0
A219BS010302-A219BS010318 207.62566017180737 1457.9244839196372 0
A219BS010302-A219BS010318 207.6543011028347 1457.42464950273 0
A219BS010302-A219BS010318 207.6829991081702 1456.9248154343686 0
A219BS010302-A219BS010318 207.71174900227155 1456.4249816828851 0
A219BS010302-A219BS010318 207.7405455995964 1455.9251482166121 0
A219BS010302-A219BS010318 207.76938371460244 1455.4253150038821 0
A219BS010302-A219BS010318 207.79825816174736 1454.9254820130282 0
A219BS010302-A219BS010318 207.8271637554888 1454.425649212382 0
A219BS010302-A219BS010318 207.85609531028447 1453.925816570277 0
A219BS010302-A219BS010318 207.885047640592 1453.4259840550453 0
A219BS010302-A219BS010318 207.91401556086913 1452.9261516350196 0
A219BS010302-A219BS010318 207.94299388557346 1452.4263192785322 0
A219BS010302-A219BS010318 207.9719774291627 1451.926486953916 0
A219BS010302-A219BS010318 208.00096100609454 1451.4266546295034 0
A219BS010302-A219BS010318 208.0299394308266 1450.926822273627 0
A219BS010302-A219BS010318 208.05890751781664 1450.4269898546193 0
A219BS010302-A219BS010318 208.08786008152222 1449.927157340813 0
A219BS010302-A219BS010318 208.1167919364011 1449.4273247005403 0
A219BS010302-A219BS010318 208.14569789691097 1448.9274919021343 0
A219BS010302-A219BS010318 208.17457277750944 1448.4276589139272 0
A219BS010302-A219BS010318 208.2034113926542 1447.9278257042515 0
A219BS010302-A219BS010318 208.23220855680296 1447.42799224144 0
A219BS010302-A219BS010318 208.26095908441334 1446.9281584938253 0
A219BS010302-A219BS010318 208.28965778994305 1446.4283244297399 0
A219BS010302-A219BS010318 208.31829948784974 1445.928490017516 0
A219BS010302-A219BS010318 208.34687899259112 1445.4286552254866 0
A219BS010302-A219BS010318 208.37539111862483 1444.9288200219842 0
A219BS010302-A219BS010318 208.40383068040856 1444.428984375341 0
A219BS010302-A219BS010318 208.4321924924 1443.9291482538902 0
A219BS010302-A219BS010318 208.4604713690568 1443.4293116259637 0
A219BS010302-A219BS010318 208.48866212483662 1442.9294744598944 0
A219BS010302-A219BS010318 208.51675957419715 1442.429636724015 0
A219BS010302-A219BS010318 208.54475853159607 1441.929798386658 0
A219BS010302-A219BS010318 208.57265381149108 1441.4299594161555 0
A219BS010302-A219BS010318 208.6004402283398 1440.9301197808404 0
A219BS010302-A219BS010318 208.62811259659995 1440.4302794490454 0
A219BS010302-A219BS010318 208.65566573072917 1439.930438389103 0
A219BS010302-A219BS010318 208.68309444518513 1439.4305965693457 0
A219BS010302-A219BS010318 208.71039355442554 1438.930753958106 0
A219BS010302-A219BS010318 208.73755787290804 1438.4309105237164 0
A219BS010302-A219BS010318 208.76458221509034 1437.9310662345097 0
A219BS010302-A219BS010318 208.79146139543008 1437.4312210588182 0
A219BS010302-A219BS010318 208.81819022838494 1436.9313749649748 0
A219BS010302-A219BS010318 208.8447635284126 1436.4315279213117 0
A219BS010302-A219BS010318 208.87117610997078 1435.9316798961618 0
A219BS010302-A219BS010318 208.89742278751706 1435.4318308578572 0
A219BS010302-A219BS010318 208.92349837550918 1434.9319807747308 0
A219BS010302-A219BS010318 208.9493976884048 1434.4321296151152 0
A219BS010302-A219BS010318 208.9751155406616 1433.932277347343 0
A219BS010302-A219BS010318 209.0006467467372 1433.4324239397463 0
A219BS010302-A219BS010318 209.02598612108935 1432.9325693606584 0
A219BS010302-A219BS010318 209.05112847817568 1432.432713578411 0
A219BS010302-A219BS010318 209.0760686324539 1431.9328565613373 0
A219BS010302-A219BS010318 209.10080139838166 1431.4329982777697 0
A219BS010302-A219BS010318 209.12532159041663 1430.9331386960407 0
A219BS010302-A219BS010318 209.1496240230165 1430.433277784483 0
A219BS010302-A219BS010318 209.1737035106389 1429.9334155114288 0
A219BS010302-A219BS010318 209.19755486774153 1429.4335518452112 0
A219BS010302-A219BS010318 209.2211729087821 1428.9336867541624 0
A219BS010302-A219BS010318 209.24455244821826 1428.4338202066149 0
A219BS010302-A219BS010318 209.26768830050767 1427.9339521709016 0
A219BS010302-A219BS010318 209.290575280108 1427.4340826153548 0
A219BS010302-A219BS010318 209.31320820147695 1426.934211508307 0
A219BS010302-A219BS010318 209.33558187907218 1426.434338818091 0
A219BS010302-A219BS010318 209.35769112735136 1425.934464513039 0
A219BS010302-A219BS010318 209.37953076077216 1425.4345885614841 0
A219BS010302-A219BS010318 209.4010955937923 1424.9347109317584 0
A219BS010302-A219BS010318 209.42238044086938 1424.4348315921948 0
A219BS010302-A219BS010318 209.4433801164611 1423.9349505111256 0
A219BS010302-A219BS010318 209.4640894350252 1423.4350676568833 0
A219BS010302-A219BS010318 209.48450321101924 1422.935182997801 0
A219BS010302-A219BS010318 209.50461625890097 1422.4352965022106 0
A219BS010302-A219BS010318 209.52442339312805 1421.935408138445 0
A219BS010302-A219BS010318 209.54391942815818 1421.4355178748365 0
A219BS010302-A219BS010318 209.56309917844897 1420.935625679718 0
A219BS010302-A219BS010318 209.58195745845813 1420.435731521422 0
A219BS010302-A219BS010318 209.60048908264335 1419.9358353682808 0
A219BS010302-A219BS010318 209.61868886546227 1419.4359371886273 0
A219BS010302-A219BS010318 209.63655162137258 1418.9360369507938 0
A219BS010302-A219BS010318 209.65407216483197 1418.436134623113 0
A219BS010302-A219BS010318 209.67124531029808 1417.9362301739175 0
A219BS010302-A219BS010318 209.6880658722286 1417.4363235715398 0
A219BS010302-A219BS010318 209.70452866508123 1416.9364147843123 0
A219BS010302-A219BS010318 209.7206285033136 1416.4365037805678 0
A219BS010302-A219BS010318 209.73636020138343 1415.9365905286388 0
A219BS010302-A219BS010318 209.75171857374835 1415.4366749968576 0
A219BS010302-A219BS010318 209.76669843486604 1414.9367571535572 0
A219BS010302-A219BS010318 209.7812945991942 1414.43683696707 0
A219BS010302-A219BS010318 209.79550188119052 1413.9369144057284 0
A219BS010302-A219BS010318 209.8093150953126 1413.4369894378651 0
A219BS010302-A219BS010318 209.82272905601818 1412.9370620318127 0
A219BS010302-A219BS010318 209.83573857776491 1412.4371321559036 0
A219BS010302-A219BS010318 209.84833847501045 1411.9371997784706 0
A219BS010302-A219BS010318 209.8605235622125 1411.437264867846 0
A219BS010302-A219BS010318 209.87228865382875 1410.9373273923625 0
A219BS010302-A219BS010318 209.8836285643168 1410.4373873203526 0
A219BS010302-A219BS010318 209.8945381081344 1409.9374446201489 0
A219BS010302-A219BS010318 209.9050120997392 1409.437499260084 0
A219BS010302-A219BS010318 209.91504535358888 1408.9375512084905 0
A219BS010302-A219BS010318 209.92463268414107 1408.437600433701 0
A219BS010302-A219BS010318 209.9337689058535 1407.9376469040476 0
A219BS010302-A219BS010318 209.94244883318382 1407.4376905878635 0
A219BS010302-A219BS010318 209.9506672805897 1406.9377314534809 0
A219BS010302-A219BS010318 209.95841906252883 1406.4377694692323 0
A219BS010302-A219BS010318 209.9656989934589 1405.9378046034506 0
A219BS010302-A219BS010318 209.9725018878375 1405.437836824468 0
A219BS010302-A219BS010318 209.9788225601224 1404.9378661006174 0
A219BS010302-A219BS010318 209.98465582477124 1404.437892400231 0
A219BS010302-A219BS010318 209.98999649624167 1403.9379156916416 0
A219BS010302-A219BS010318 209.99483938899138 1403.4379359431816 0
A219BS010302-A219BS010318 209.99917931747805 1402.937953123184 0
A219BS010302-A219BS010318 210.00301109615938 1402.4379671999804 0
A219BS010302-A219BS010318 210.00636884828427 1401.931548349967 0
A219BS010302-A219BS010318 210.00721781958617 1401.4315499613733 0
A219BS010302-A219BS010318 210.0080860187712 1400.9315516142528 0
A219BS010302-A219BS010318 210.00904576941008 1400.4315532897917 0
A219BS010302-A219BS010318 210.01005129541022 1399.9315549877033 0
A219BS010302-A219BS010318 210.01107970891186 1399.431556699562 0
A219BS010302-A219BS010318 210.01210901479703 1398.93155806001 0
A219BS010302-A219BS010318 210.0131387667661 1398.4315592955427 0
A219BS010302-A219BS010318 210.01416874174924 1397.931560481315 0
A219BS010302-A219BS010318 210.01519882823203 1397.4315616453819 0
A219BS010302-A219BS010318 210.01622897046255 1396.9315627993894 0
A219BS010302-A219BS010318 210.01723733370056 1396.4315639333415 0
A219BS010302-A219BS010318 210.01823480752415 1395.9315650586832 0
A219BS010302-A219BS010318 210.01922683668218 1395.4315661800742 0
A219BS010302-A219BS010318 210.02021614352847 1394.9315672995785 0
A219BS010302-A219BS010318 210.02120408922946 1394.4315684181615 0
A219BS010302-A219BS010318 210.02229740061435 1393.931569767267 0
A219BS010302-A219BS010318 210.02344339441387 1393.431571240119 0
A219BS010302-A219BS010318 210.02461572921038 1392.931572776965 0
A219BS010302-A219BS010318 210.0258012344012 1392.431574346338 0
A219BS010302-A219BS010318 210.0269933247374 1391.931575932107 0
A219BS010302-A219BS010318 210.0280918209888 1391.4315772366008 0
A219BS010302-A219BS010318 210.0291435205329 1390.931578413527 0
A219BS010302-A219BS010318 210.0301718218999 1390.4315795299372 0
A219BS010302-A219BS010318 210.0311884242686 1389.9315806169063 0
A219BS010302-A219BS010318 210.03219917718374 1389.4315816893593 0
A219BS010302-A219BS010318 210.03326910275143 1388.931582850083 0
A219BS010302-A219BS010318 210.03436861439238 1388.431584064924 0
A219BS010302-A219BS010318 210.03548291894788 1387.931585309319 0
A219BS010302-A219BS010318 210.03660461990086 1387.4315865691146 0
A219BS010302-A219BS010318 210.03773001902303 1386.9315878367665 0
A219BS010302-A219BS010318 210.03863554447855 1386.4315886573736 0
A219BS010302-A219BS010318 210.03962973019608 1385.9315896459636 0
A219BS010302-A219BS010318 210.04066824567911 1385.43159072454 0
A219BS010302-A219BS010318 210.0417289258643 1384.931591849608 0
A219BS010302-A219BS010318 210.042800688311 1384.431592998296 0
A219BS010302-A219BS010318 210.0438779918438 1383.931594158888 0
A219BS010302-A219BS010318 210.04498394883834 1383.4315953906926 0
A219BS010302-A219BS010318 210.04610423243264 1382.9315966656047 0
A219BS010302-A219BS010318 210.0472316792651 1382.431597963946 0
A219BS010302-A219BS010318 210.0483627076868 1381.9315992744703 0
A219BS010302-A219BS010318 210.04949552688845 1381.4316005912033 0
A219BS010302-A219BS010318 210.05056831916548 1380.9316017514338 0
A219BS010302-A219BS010318 210.05161109820304 1380.4316028416922 0
A219BS010302-A219BS010318 210.0526388707375 1379.9316038990341 0
A219BS010302-A219BS010318 210.05365914007987 1379.4316049404354 0
A219BS010302-A219BS010318 210.05467565785622 1378.9316059739958 0
A219BS010302-A219BS010318 210.05573698526428 1378.43160750791 0
A219BS010302-A219BS010318 210.05682071670904 1377.9316095841446 0
A219BS010302-A219BS010318 210.05791564991742 1377.431612004572 0
A219BS010302-A219BS010318 210.05901618391727 1376.9316146153526 0
A219BS010302-A219BS010318 210.06007558259927 1376.4316166149795 0
A219BS010302-A219BS010318 210.06111441370732 1375.9316183558374 0
A219BS010302-A219BS010318 210.0621429610986 1375.431619979013 0
A219BS010302-A219BS010318 210.06316636667307 1374.9316215462732 0
A219BS010302-A219BS010318 210.06418720136148 1374.4316230863074 0
A219BS010302-A219BS010318 210.06525150155306 1373.9316251786497 0
A219BS010302-A219BS010318 210.06633753417606 1373.4316276048476 0
A219BS010302-A219BS010318 210.0674344328815 1372.9316302123973 0
A219BS010302-A219BS010318 210.0685367645689 1372.4316329142284 0
A219BS010302-A219BS010318 210.06964181271957 1371.9316356641013 0
A219BS010302-A219BS010318 210.07213428394007 1371.4316427399574 0
A219BS010302-A219BS010318 210.07532045607223 1370.9316534932782 0
A219BS010302-A219BS010318 210.07885347199672 1370.4316664639189 0
A219BS010302-A219BS010318 210.08255990668394 1369.9316806378533 0
A219BS010302-A219BS010318 210.08635304930243 1369.4316954370877 0
A219BS010302-A219BS010318 210.09025448568497 1368.93171077216 0
A219BS010302-A219BS010318 210.09421006754943 1368.4317264532815 0
A219BS010302-A219BS010318 210.09819272159416 1367.9317423269579 0
A219BS010302-A219BS010318 210.1022987034743 1367.4317591896765 0
A219BS010302-A219BS010318 210.10646634823198 1366.9317765602818 0
A219BS010302-A219BS010318 210.11066482393326 1366.4317941881695 0
A219BS010302-A219BS010318 210.11487871486543 1365.9318119455322 0
A219BS010302-A219BS010318 210.1190113882808 1365.431829039354 0
A219BS010302-A219BS010318 210.1231034534398 1364.9318458150271 0
A219BS010302-A219BS010318 210.12717521475145 1364.4318624350328 0
A219BS010302-A219BS010318 210.13123682428701 1363.9318789780568 0
A219BS010302-A219BS010318 210.13539848828987 1363.4318963118724 0
A219BS010302-A219BS010318 210.13961017864685 1362.9319140555046 0
A219BS010302-A219BS010318 210.14384688176898 1362.431932007649 0
A219BS010302-A219BS010318 210.14809609107505 1361.9319500649494 0
A219BS010302-A219BS010318 210.15234851096298 1361.4319681486784 0
A219BS010302-A219BS010318 210.15660253611549 1360.9319862458328 0
A219BS010302-A219BS010318 210.16073189503555 1360.4320034554748 0
A219BS010302-A219BS010318 210.16517172932558 1359.932023241183 0
A219BS010302-A219BS010318 210.16977422895576 1359.4320444525076 0
A219BS010302-A219BS010318 210.17436986681332 1358.9320655968186 0
A219BS010121 210.17495875648456 1358.8679978018627 -0.45699960327148403
A219BS010121 210.18028068843157 1358.3680261357094 -0.45710002389625237
A219BS010121 210.18550132353806 1357.8680534141743 -0.4572506548321212
A219BS010121 210.19067131012778 1357.368080174535 -0.4574263909188868
A219BS010121 210.19581597243734 1356.8681066782403 -0.45761467957875407
A219BS010121 210.200876746807 1356.3681323026487 -0.457725650791893
A219BS010121 210.20589557711224 1355.8681574971702 -0.4577979632834939
A219BS010121 210.210893435364 1355.3681824791886 -0.45785094641694424
A219BS010121 210.21588080758465 1354.8682073555656 -0.45789426487286206
A219BS010121 210.22086293678913 1354.3682321792744 -0.4579327509908194
A219BS010121 210.22591916682833 1353.8682577692389 -0.45777832462682677
A219BS010121 210.23101244695863 1353.3682837743597 -0.45752744203789886
A219BS010121 210.23612425204868 1352.8683099950658 -0.45722833135157603
A219BS010121 210.2412453195956 1352.3683363255661 -0.4569051066242784
A219BS010121 210.24637101836456 1351.868362711464 -0.4565698248802041
A219BS010121 210.25141999436346 1351.368388341174 -0.4561998323768282
A219BS010121 210.25643060893387 1350.8684135981086 -0.45581248450236345
A219BS010121 210.26142204278236 1350.3684386699854 -0.45541645894593574
A219BS010121 210.26640388626942 1349.8684636496655 -0.4550160945500954
A219BS010121 210.2713809345764 1349.3684885833304 -0.45461356073527176
A219BS010121 210.27649303007988 1348.8685147274564 -0.4547131696356531
A219BS010121 210.2816726471334 1348.3685416795922 -0.4550638499468375
A219BS010121 210.2853701643531 1347.8685555050265 -0.45545578046050106
A219BS010121 210.288326616115 1347.368564415914 -0.4558683348760777
A219BS010121 210.2909125341935 1346.8685712817492 -0.45629120086121655
A219BS010121 210.29278986333216 1346.3685753015016 -0.456995027295781
A219BS010121 210.29431289824163 1345.8685783339974 -0.45783933259742077
A219BS010121 210.29565878704196 1345.3685809818119 -0.4587538766183876
A219BS010121 210.29691610343292 1344.8685834645225 -0.4597035396643132
A219BS010121 210.29812913396754 1344.3685858714905 -0.46067076206487223
A219BS010121 210.2993200217534 1343.8685882422897 -0.4616467640666902
A219BS010121 210.30040846518415 1343.3685900568912 -0.46244041963188776
A219BS010121 210.30144568678543 1342.8685916262048 -0.46314290267339636
A219BS010121 210.30245729766906 1342.3685930810773 -0.4637997998226109
A219BS010121 210.30345610329732 1341.8685944807803 -0.4644339042144858
A219BS010121 210.3044485063507 1341.3685958534113 -0.46505661232291146
A219BS010121 210.30546653483975 1340.8685974334044 -0.4657939104554122
A219BS010121 210.30649737591818 1340.368599127418 -0.466588503104494
A219BS010121 210.30753462323196 1339.8686008810266 -0.4674117427661258
A219BS010121 210.30857507363498 1339.3686026650787 -0.468249305811962
A219BS010121 210.30961712556876 1338.868604464514 -0.4690940304891031
A219BS010121 210.31065997826107 1338.368606271681 -0.46994233595156226
A219BS010121 210.3117180275966 1337.8686073953666 -0.4698774066126458
A219BS010121 210.31278367388137 1337.3686088029783 -0.46935586286158765
A219BS010121 210.31385311827094 1336.8686105089655 -0.4686060142592761
A219BS010121 210.3149244616095 1336.3686124032413 -0.4677420144780515
A219BS010121 210.316011109584 1335.8686147236956 -0.46667447284656155
A219BS010121 210.3171054097277 1335.368617288484 -0.46550516143179194
A219BS010121 210.31820353589788 1334.86861998325 -0.4642849656894287
A219BS010121 210.3193035750564 1334.3686227449568 -0.46303932806194714
A219BS010121 210.32040457069772 1333.868625540622 -0.4617809696302059
A219BS010121 210.32150333228006 1333.368628196266 -0.46057749136286
A219BS010121 210.3216034992392 1332.8686295080743 -0.45943653857413913
A219BS010121 210.32120437287185 1332.368630898787 -0.458326849979084
A219BS010121 210.32055560302734 1331.868632516651 -0.4572327937073224
A219BS010121 210.31978201314425 1331.368634295013 -0.4561465535972419
A219BS010121 210.31884313677662 1330.8686369055918 -0.4548316074913876
A219BS010121 210.3178216183735 1330.3686399919923 -0.4534023100593693
A219BS010121 210.31675877954322 1329.8686433312296 -0.4519158377819105
A219BS010121 210.31567528078892 1329.3686468006158 -0.45040077848250887
A219BS010121 210.31453931397823 1328.8686489494662 -0.4494742660671855
A219BS010121 210.3133771140696 1328.3686506999081 -0.44884202381733485
A219BS010121 210.31220179794957 1327.8686523166095 -0.4483569146530658
A219BS010121 210.31101992385726 1327.3686538828065 -0.4479453709826332
A219BS010121 210.3098347708362 1326.8686554278427 -0.4475706095269678
A219BS010121 210.3087322002918 1326.3686567302686 -0.44727605500077666
A219BS010121 210.3076709204067 1325.8686579213306 -0.44702160336154856
A219BS010121 210.30663028555506 1325.3686590591965 -0.4467872028742262
A219BS010121 210.30559997307054 1324.8686601710856 -0.44656282781660117
A219BS010121 210.30457482169444 1324.368661270142 -0.4463434654006061
A219BS010121 210.3034679710796 1323.8686625397804 -0.44613247137313183
A219BS010121 210.3023202714532 1323.368663899767 -0.44592566148094387
A219BS010121 210.30115214762273 1322.8686653061916 -0.44572094362631337
A219BS010121 210.29997381184046 1322.368666736151 -0.44551727177528017
A219BS010121 210.29879037015723 1321.8686681779568 -0.4453141229184216
A219BS010121 210.29769320795634 1321.3686694661203 -0.44502361129114165
A219BS010121 210.29663918489152 1320.8686706887709 -0.44468941892304814
A219BS010121 210.2956067310845 1320.3686718814922 -0.444333386506622
A219BS010121 210.29458506174953 1319.8686730599559 -0.4439664342267824
A219BS010121 210.29356878457182 1319.3686742314674 -0.44359402209550924
A219BS010121 210.29208019967865 1318.868676500736 -0.44382506004936595
A219BS010104 210.29095875815256 1318.4919978035614 -0.44399911499023403
A219BS010104 210.28941376750174 1317.9920002278193 -0.44380609725413844
A219BS010104 210.28786877685093 1317.4920026520772 -0.44361307951804285
A219BS010104 210.28632378620011 1316.992005076335 -0.44342006178194726
A219BS010104 210.2847787955493 1316.492007500593 -0.44322704404585167
A219BS010104 210.28315825254134 1315.992010136629 -0.44312769911781963
A219BS010104 210.28149993338866 1315.4920128894162 -0.44307519059767336
A219BS010104 210.27982272617302 1314.9920157032943 -0.4430461002812888
A219BS010104 210.27813607492848 1314.492018548397 -0.44302871906642716
A219BS010104 210.27644470167021 1313.9920214092815 -0.44301719240211357
A219BS010104 210.27475096740534 1313.4920242780995 -0.44300859301296286
A219BS010104 210.27305865776472 1312.9920271420385 -0.4430042540961432
A219BS010104 210.2713670604362 1312.492030003553 -0.4430020454154071
A219BS010104 210.26967581926377 1311.9920328638593 -0.4430009018526716
A219BS010104 210.26798475616937 1311.4920357235624 -0.44300029084891585
A219BS010104 210.26631352542412 1310.9920385165824 -0.44299998332174295
A219BS010104 210.26465221085408 1310.4920412765562 -0.44299982753285594
A219BS010104 210.26299585437167 1309.9920440200806 -0.4429997476131089
A219BS010104 210.26168290020487 1309.4920457439323 -0.4429997064641512
A219BS010104 210.260535755808 1308.9920470680838 -0.44309031247001085
A219BS010104 210.2594715163421 1308.4920482191676 -0.44322624203998323
A219BS010104 210.2584487293425 1307.9920492904132 -0.4433848333828345
A219BS010104 210.257446668572 1307.4920503234137 -0.4435547556075237
A219BS010104 210.25645497091304 1306.9920513377099 -0.4437303432709054
A219BS010104 210.25548357275514 1306.4920522908571 -0.4438279746864811
A219BS010104 210.2545223243536 1305.9920532182966 -0.44388662799101974
A219BS010104 210.25356615083064 1305.4920541340991 -0.4439257922472953
A219BS010104 210.25261251474657 1304.9920550443874 -0.4439552119831758
A219BS010104 210.2516584425582 1304.4920559549037 -0.44397139249213113
A219BS010104 210.250704152318 1303.9920568656657 -0.4439809533901847
A219BS010104 210.24974975305201 1303.4920577765836 -0.44398720448407136
A219BS010104 210.24879529927316 1302.9920586875876 -0.4439918006765172
A219BS010104 210.24783212109534 1302.4920596225684 -0.44407705101698197
A219BS010104 210.2468645807292 1301.9920605744733 -0.44420262841561553
A219BS010104 210.24589485927214 1301.4920615360743 -0.4443483693350099
A219BS010104 210.24492404727067 1300.992062502832 -0.4445041920106236
A219BS010104 210.24395268999734 1300.4920634722448 -0.44466505556227925
A219BS010104 210.24298106008825 1299.9920644430047 -0.444828439550927
A219BS010104 210.24225046294316 1299.492064983784 -0.4449121466828564
A219BS010104 210.2416403822212 1298.9920653579072 -0.44495601538808804
A219BS010104 210.24087131581888 1298.4920659498575 -0.44497808166086844
A219BS010104 210.24002275664603 1297.9920666700355 -0.44498924672205054
A219BS010104 210.23904616128647 1297.492067689598 -0.44473268702474306
A219BS010104 210.23800554798888 1296.9920689249047 -0.4443422650371347
A219BS010104 210.23693292578074 1296.4920702845968 -0.4438849119676372
A219BS010104 210.23595347461065 1295.9920714982552 -0.4433805982738608
A219BS010104 210.23502060893665 1295.4920726470614 -0.4428528042957953
A219BS010104 210.23411103599406 1294.9920737654827 -0.4423132701880428
A219BS010104 210.23321310940779 1294.4920748692218 -0.44176786602121076
A219BS010104 210.23228169987414 1293.992075837929 -0.4414497740338948
A219BS010104 210.2313335489533 1293.4920767787141 -0.4412453380751988
A219BS010104 210.23045786659236 1292.9920775584205 -0.4411318206685864
A219BS010104 210.22707132580828 1292.4920890311491 -0.44106906348979263
A219BS010104 210.2228910313525 1291.9921065084982 -0.44102235374962895
A219BS010104 210.22095875890227 1291.7609977996908 -0.4410007629394528
A219BS010104 210.21026083980735 1291.2611132032732 -0.4419727668336939
A219BS010104 210.1983488688337 1290.7612556911638 -0.4412161061959062
A219BS010102 210.19295876013348 1290.49199780263 -0.4410007629394528
A219BS010102 210.18144108008073 1289.9921304771865 -0.4410007629394528
A219BS010102 210.16995262179572 1289.4922624792848 -0.4410007629394528
A219BS010102 210.15871470308483 1288.9923887860552 -0.4410007629394528
A219BS010102 210.14760205523908 1288.4925122922511 -0.4410007629394528
A219BS010102 210.13634852691217 1287.992638962453 -0.4408900532595929
A219BS010102 210.1250245588923 1287.4927672387369 -0.44072398874947755
A219BS010102 210.11366537116947 1286.9928963240816 -0.44053024683184927
A219BS010102 210.10228857363347 1286.4930258154616 -0.4403226662142859
A219BS010102 210.09096460793262 1285.9931540642765 -0.4403097043076551
A219BS010102 210.07966705883635 1285.4932817223032 -0.44039405174342977
A219BS010102 210.06838271821073 1284.9934090925592 -0.44052705383452745
A219BS010102 210.05710498186122 1284.493536320836 -0.4406843832445244
A219BS010102 210.04592389545158 1283.9936613636864 -0.44078695701873355
A219BS010102 210.0347911342034 1283.49378532308 -0.4408621529819428
A219BS010102 210.02368253557856 1282.993908743059 -0.44092366004435557
A219BS010102 210.01375925709215 1282.494007264463 -0.44072305630201214
A219BS010102 210.00442866257652 1281.9940944420548 -0.44039139716826303
A219BS010102 209.99553135650206 1281.4941736115134 -0.4403577019318569
A219BS010102 209.98685069760748 1280.9942489843243 -0.44047298815472624
A219BS010102 209.97827836272108 1280.494322510671 -0.44066276476375277
A219BS010102 209.96985483244887 1279.9943934726136 -0.44063044247878363
A219BS010102 209.96150570504332 1279.49446320596 -0.4404870712630602
A219BS010102 209.9531937791128 1278.9945323384113 -0.4402881758575689
A219BS010102 209.94484595003925 1278.4946020418965 -0.44017692667702596
A219BS010102 209.93648016959554 1277.9946720376247 -0.4401095003930279
A219BS010102 209.92810541353975 1277.4947421811555 -0.4400639854480547
A219BS010102 209.91977058310715 1276.9948116581907 -0.4401169930061484
A219BS010102 209.91145571552804 1276.4948808104543 -0.4402192615695965
A219BS010102 209.90315082936075 1275.9949498024519 -0.4403461605115701
A219BS010102 209.89485093388308 1275.4950187148463 -0.4404853745806784
A219BS010102 209.88655353373983 1274.9950875875718 -0.4406307461823036
A219BS010102 209.87825738125807 1274.495156440496 -0.4407791965346688
A219BS010102 209.86988098325733 1273.9952268077486 -0.4412244578204713
A219BS010102 209.86146446387755 1273.4952980030553 -0.4418181237973246
A219BS010102 209.85302788421032 1272.9953696301097 -0.44248599171521263
A219BS010102 209.84458127452686 1272.4954414774677 -0.44319096040258005
A219BS010102 209.8362510628305 1271.9955112712255 -0.4438206108790903
A219BS010102 209.82797905006296 1271.4955800526056 -0.4444126024293707
A219BS010102 209.8197361366648 1270.9956483314038 -0.4449857646123489
A219BS010102 209.8114841747823 1270.495716565928 -0.4453531789483316
A219BS010102 209.8032276892063 1269.9957848101212 -0.44561771987579163
A219BS010102 209.79540788847174 1269.495845984985 -0.44576549603652826
A219BS010102 209.78780643147783 1268.9959037784647 -0.44585489005667295
A219BS010102 209.78031414631167 1268.495959919578 -0.4459150931668243
A219BS010102 209.77303145012735 1267.9960129787835 -0.4457782480831986
A219BS010102 209.7658535487329 1267.496064559111 -0.4455428794886256
A219BS010102 209.7587280446368 1266.99611541552 -0.4452582494461572
A219BS010102 209.75162873908334 1266.4961659138517 -0.44494898883406014
A219BS010102 209.74454253273382 1265.9962162341153 -0.4446274130140502
A219BS010102 209.73748884960003 1265.4962660266697 -0.4444386557286568
A219BS010102 209.73045142817185 1264.9963155693936 -0.4443163073070901
A219BS010102 209.72342213759518 1264.4963649907088 -0.4442271631115019
A219BS010102 209.7163969124312 1263.9964143521963 -0.4441546209253629
A219BS010102 209.70937371996396 1263.4964636839893 -0.4440903796920948
A219BS010102 209.7023053643768 1262.996513741347 -0.44378509111791253
A219BS010102 209.69521442800516 1262.4965642065877 -0.4433592796362031
A219BS010102 209.6881122014727 1261.9966148870444 -0.4428732070920697
A219BS010102 209.68100432993597 1261.4966656779272 -0.4423570042120872
A219BS010102 209.67389363592522 1260.9967165247276 -0.4418257362614377
A219BS010102 209.66680156922217 1260.4967669097748 -0.4415340197597161
A219BS010102 209.65971881672877 1259.9968171072414 -0.44136207825698254
A219BS010102 209.65264072146326 1259.4968672217417 -0.44125002386870127
A219BS010102 209.64556495483478 1258.996917297465 -0.44116791284219725
A219BS010102 209.63849035252676 1258.4969673544763 -0.4411007733984565
A219BS010102 209.63136247310973 1257.9970181651158 -0.44106345180433065
A219BS010102 209.62420795535272 1257.497069355363 -0.44104103903746805
A219BS010102 209.61704011852325 1256.9971207361116 -0.44102608063528453
A219BS010102 209.60986562220384 1256.497172212285 -0.44101484939094066
A219BS010102 209.6040996286147 1255.9972054601137 -0.4410084292376324
A219BS010102 209.59948545102264 1255.497226800365 -0.44123015237478735
A219BS010102 209.5954471868852 1254.9972432209693 -0.4415659458889875
A219BS010102 209.59169687798078 1254.497257440302 -0.44195877370854814
A219BS010102 209.58809054519423 1253.9972706236433 -0.4423801182371574
A219BS010102 209.58451886264655 1253.497283609603 -0.4428585268782587
A219BS010102 209.58096450499622 1252.997296500216 -0.44336546716737285
A219BS010102 209.5774188096774 1252.497309343992 -0.44388667307688523
A219BS010102 209.5738774454642 1251.9973221645585 -0.44441501169496905
A219BS010102 209.5703081700704 1251.4973349339477 -0.4445867654546201
A219BS010102 209.56672493996518 1250.9973477736933 -0.44458022923017404
A219BS010102 209.56313473277658 1250.4973606726019 -0.444484549297206
A219BS010102 209.55954103713998 1249.9973736070879 -0.44434429815824533
A219BS010102 209.55594559731557 1249.4973865608613 -0.44418176174095514
A219BS010102 209.55240327225488 1248.9973991496613 -0.44438319330265225
A219BS010102 209.54888750491722 1248.497411657443 -0.4447666062249058
A219BS010102 209.54538501642367 1247.9974241500822 -0.4452410084662733
A219BS010102 209.5418891672978 1247.4974366414915 -0.4457609046843721
A219BS010102 209.53839663781736 1246.997449133871 -0.4463035475500434
A219BS010102 209.53489731887868 1246.4974614655748 -0.44659734818167357
A219BS010102 209.53139460558626 1245.9974737634166 -0.4467667295060624
A219BS010102 209.52789019522382 1245.4974860559457 -0.4468739021063633
A219BS010102 209.524385279812 1244.9974983477193 -0.44678910541270594
A219BS010102 209.52088011207306 1244.4975106667534 -0.4466083255156181
A219BS010102 209.51737481822087 1243.9975230063267 -0.4463795547455861
A219BS010102 209.51383977036477 1243.4975355089466 -0.4464563685452722
A219BS010102 209.51028984622886 1242.997548163786 -0.4466859723356678
A219BS010102 209.50788992056377 1242.497554073459 -0.4470732640867714
A219BS010102 209.5060649920577 1241.9975576211166 -0.44753939808567156
A219BS010102 209.5045275580887 1241.4975602404118 -0.4480449522922388
A219BS010102 209.50310831474897 1240.9975623513367 -0.44835586831675567
A219BS010102 209.50174816572192 1240.4975642469701 -0.44856946705783446
A219BS010102 209.50041756331558 1239.9975660446817 -0.44873440807868553
A219BS010102 209.49922397529332 1239.4975674703942 -0.4487018802828869
A219BS010102 209.49809889326875 1238.9975687534347 -0.4485706199519701
A219BS010102 209.49700806361085 1238.4975699759711 -0.4483899943025641
A219BS010102 209.49586883898647 1237.9975712861499 -0.448278890020545
A219BS010102 209.49470541735622 1237.49757264553 -0.4482025457552545
A219BS010102 209.49352989745904 1236.9975740308557 -0.44814358116397646
A219BS010102 209.4923483285457 1236.4975754294903 -0.4480933062424087
A219BS010102 209.49116373518268 1235.9975768348634 -0.4480473760720306
A219BS010102 209.48996322788048 1235.4975782766146 -0.4480243247770421
A219BS010102 209.48875476376332 1234.9975797371371 -0.44801271269948784
A219BS010102 209.48754232131566 1234.4975812071907 -0.44800682012049514
A219BS010102 209.48632788974112 1233.9975826820462 -0.4480037872357032
A219BS010102 209.48511412266927 1233.4975841552812 -0.4480022682283601
A219BS010102 209.48390068784235 1232.997585627708 -0.4480015061451621
A219BS010102 209.48268741913472 1232.4975870997314 -0.4480011225167472
A219BS010102 209.48147423348513 1231.997588571553 -0.4480009281120791
A219BS010102 209.4802611377863 1231.4975900431564 -0.4480008307637129
A219BS010102 209.47904808706198 1230.9975915146506 -0.44800078194256293
A219BS010102 209.47783505882447 1230.4975929860902 -0.44800075738455375
A219BS010102 209.47662204183018 1229.9975944575026 -0.4480007449578813
A219BS010102 209.47597744162806 1229.4975949016762 -0.44783144031903893
A219BS010102 209.47561704493796 1228.9975950960522 -0.44757749121936496
A219BS010102 209.4753987472457 1228.4975952314824 -0.4472812207584042
A219BS010102 209.47525149763248 1227.9975953539272 -0.44696379005158743
A219BS010102 209.47513977134346 1227.497595474001 -0.4466357794378652
A219BS010102 209.47507511909475 1226.997595686933 -0.4461788855341634
A219BS010102 209.47503400339372 1226.497595960413 -0.44565755129692963
A219BS010102 209.47500465572878 1225.9975962676963 -0.4451039975482252
A219BS010102 209.47498790080468 1225.4975967910773 -0.4443807410889525
A219BS010102 209.47497744212464 1224.9975974442225 -0.44357263501768357
A219BS010102 209.47497013150291 1224.4975981676778 -0.44272210500987047
A219BS010102 209.47496614685244 1223.9975987144244 -0.44198269272393004
A219BS010102 209.47496382515394 1223.497599182087 -0.4412988381852056
A219BS010102 209.4749623349145 1222.9975996125254 -0.440642761958226
A219BS010102 209.47496126039613 1222.4976000249312 -0.44000057460520214
A219BS010102 209.47496039373408 1221.9976004284658 -0.4393653315479859
A219BS010102 209.4749596309981 1221.4976008276012 -0.4387335605680402
A219BS010102 209.47495923927397 1220.9976008795936 -0.4385055422870789
A219BS010102 209.47495903305222 1220.4976008802773 -0.43847939638417394
A219BS010102 209.47495891957976 1219.9976008858707 -0.43855418459458184
A219BS010102 209.47495885248097 1219.4976009015593 -0.43867943881389865
A219BS010102 209.47495880856852 1218.9976009242055 -0.4388299255129039
A219BS010102 209.47495878640692 1218.497601007017 -0.43911769549118196
A219BS010102 209.4749587751205 1217.9976011340452 -0.43947410567709555
A219BS010102 209.4749587692716 1217.4976012867148 -0.43986483524988385
A219BS010102 209.47495876614138 1216.9976014530882 -0.4402727241579012
A219BS010102 209.47495876455832 1216.4976016285339 -0.44069158637743494
A219BS010102 209.47495876374884 1215.9976018086059 -0.44111593513830744
A219BS010102 209.47495876332616 1215.4976019910134 -0.4415430271126582
A219BS010102 209.47495876309685 1214.9976021745945 -0.4419714906651577
A219BS010102 209.47495876296423 1214.4976023587637 -0.44240063999243784
A219BS010102 209.47495876264253 1213.9976024413318 -0.44268798648110663
A219BS010102 209.47495876240995 1213.4976025056858 -0.44294166747478747
A219BS010102 209.47495876222192 1212.997602561783 -0.443178516071983
A219BS010102 209.47495876205616 1212.4976026139643 -0.4434069486465885
A219BS010102 209.47495876190155 1211.997602664241 -0.44363117329775403
A219BS010102 209.47495876181515 1211.4976027142206 -0.4438547347281299
A219BS010102 209.47495876176285 1210.9976027640523 -0.44407796455503623
A219BS010102 209.4749587617276 1210.4976028138099 -0.44430102858367027
A219BS010102 209.4749587617009 1209.9976028635303 -0.4445240097148995
A219BS010102 209.47495876167844 1209.4976029132324 -0.444746949398292
A219BS010102 209.47495876179093 1208.9976030900875 -0.44516749090530244
A219BS010102 209.47495876197087 1208.497603359802 -0.4456868312457584
A219BS010102 209.4749587621845 1207.9976036832659 -0.4462555699610142
A219BS010102 209.47495876225065 1207.4976040454417 -0.4468573802014109
A219BS010102 209.474958762243 1206.9976044277932 -0.44747572585640516
A219BS010102 209.47495876219847 1206.4976048204376 -0.4481023390449204
A219BS010102 209.47495876219247 1205.9976052616453 -0.44876657353136995
A219BS010102 209.47495876220574 1205.4976057281956 -0.4494496182706159
A219BS010102 209.47495876222862 1204.9976062076823 -0.4501420679384699
A219BS010102 209.47495876225634 1204.4976066937036 -0.4508392199718178
A219BS010102 209.47495876228643 1203.9976071830085 -0.4515387231385306
A219BS010102 209.47495876231775 1203.4976076739595 -0.45223940184724104
A219BS010102 209.4749587623628 1202.997607882189 -0.452695723413685
A219BS010102 209.4749587624147 1202.4976079938422 -0.4530298689148239
A219BS010102 209.47495876247004 1201.9976080684032 -0.4533029276632854
A219BS010102 209.4749587625271 1201.4976081272173 -0.45354544367936134
A219BS010102 209.4749587624924 1200.997608243512 -0.45388646390342335
A219BS010102 209.47495876241186 1200.4976083958238 -0.4542767351859329
A219BS010102 209.4759200557783 1199.997609517294 -0.45472101437332496
A219BS010102 209.4773619854671 1199.4976118185673 -0.45519229638613856
A219BS010102 209.47904422742053 1198.9976148835292 -0.4556770793447261
A219BS010102 209.48084662255462 1198.4976183737745 -0.4561686125764592
A219BS010102 209.48297016838737 1197.9976228897995 -0.45624959265771814
A219BS010102 209.48525428501733 1197.497628122464 -0.4561253008437403
A219BS010102 209.4876186848854 1196.9976337643777 -0.4558983755593053
A219BS010102 209.49002322533786 1196.4976396236448 -0.4556201347911461
A219BS010102 209.4924478355787 1195.9976455947692 -0.45531623690743167
A219BS010102 209.49492242687052 1195.4976519633233 -0.4548213516233733
A219BS010102 209.4974220079368 1194.997658559817 -0.45423097498520987
A219BS010102 209.49993408354868 1194.4976652775845 -0.453592853844372
A219BS010102 209.50245240627143 1193.9976720578143 -0.45293086103829
A219BS010102 209.50493916735672 1193.4976782607832 -0.4527932028568881
A219BS010102 209.50741014696928 1192.9976843820618 -0.45291770581150825
A219BS010102 209.50987323578588 1192.4976905142273 -0.45317328606454044
A219BS010102 209.51233237923987 1191.997696664768 -0.4534944033143332
A219BS010102 209.51478603529247 1191.4977028452547 -0.45389442901766963
A219BS010102 209.5172369476905 1190.9977090454065 -0.4543339079504478
A219BS010102 209.51968648829003 1190.4977152565634 -0.454793112999662
A219BS010102 209.5221353430062 1189.997721473516 -0.4552621808581447
A219BS010102 209.52450481327855 1189.4977279108582 -0.4561693255013886
A219BS010102 209.52683459160576 1188.9977346070455 -0.45729550285273024
A219BS010102 209.52914452429303 1188.4977414698135 -0.4585311936830862
A219BS010102 209.53144453437224 1187.9977484251594 -0.459821639823847
A219BS010102 209.53373958326438 1187.4977554291156 -0.46113946290944924
A219BS010102 209.53581075508615 1186.9977614216584 -0.46244435910174103
A219BS010102 209.53776999108408 1186.4977669462223 -0.4637427919145257
A219BS010102 209.53967326057779 1185.9977722462313 -0.4650379930964907
A219BS010102 209.54154854753412 1185.4977774363226 -0.4663315784987269
A219BS010102 209.54341101906581 1184.9977819679402 -0.4673624989444169
A219BS010102 209.5452670828567 1184.4977862221956 -0.4682620901806627
A219BS010102 209.54711994281226 1183.997790350739 -0.46909601849429705
A219BS010102 209.54897120087983 1183.4977944196696 -0.4698971161961167
A219BS010102 209.5508216580213 1182.9977984596046 -0.4706817990184429
A219BS010102 209.55259010126278 1182.4978021707245 -0.4714458112310752
A219BS010102 209.55431753860324 1181.997805722806 -0.47219948839982717
A219BS010102 209.55602447352308 1181.4978091967118 -0.47294799817933947
A219BS010102 209.5577211574988 1180.997812631866 -0.47369392433110724
A219BS010102 209.55941271613585 1180.4978160477287 -0.4744385587025676
A219BS010102 209.5611017121703 1179.997819453967 -0.475182547200688
A219BS010102 209.56291387601587 1179.4978228323835 -0.4748751916793691
A219BS010102 209.56478761928767 1178.9978270372287 -0.4740421769021127
A219BS010102 209.56662371190916 1178.4978304677027 -0.4737988126217939
A219BS010102 209.56844097877132 1177.9978337728198 -0.47385026545972614
A219BS010102 209.57024883279232 1177.4978370807112 -0.47404912252193443
A219BS010102 209.57205198047336 1176.997840406351 -0.4743216795008568
A219BS010102 209.57385277503974 1176.4978437449554 -0.4746310853383659
A219BS010102 209.5756503640013 1175.9978471011025 -0.47498436943848976
A219BS010102 209.577446350203 1175.4978504674723 -0.4753595920149673
A219BS010102 209.57924153504734 1174.9978538393161 -0.4757457835023128
A219BS010102 209.58103631922467 1174.4978572139876 -0.4761374592814985
A219BS010102 209.58283090307435 1173.9978605900956 -0.47653187712482586
A219BS010102 209.58272371872027 1173.4978610570947 -0.4772067923268793
A219BS010102 209.5816656704265 1172.9978628410454 -0.47802194958111943
A219BS010102 209.58013220822056 1172.4978659762728 -0.47890722428485283
A219BS010102 209.57836104873604 1171.9978699603053 -0.47982755605771593
A219BS010102 209.57647104544492 1171.497874412018 -0.48076541559531477
A219BS010102 209.57454319287226 1170.997879048429 -0.48172446403558555
A219BS010102 209.5725964164147 1170.4978837785966 -0.4826941065043506
A219BS010102 209.57064017839141 1169.9978885559933 -0.48366904577658076
A219BS010102 209.56867920977322 1169.4978933570917 -0.484646633345322
A219BS010102 209.5667158759515 1168.9978981700626 -0.4856255450097525
A219BS010102 209.56475186168743 1168.497902986452 -0.4866048376015928
A219BS010111 209.56395876471652 1168.2959978003055 -0.48700028991699185
A219BS010111 209.5614045208389 1167.7960047318272 -0.4863620799356566
A219BS010111 209.55929546457685 1167.2960179307563 -0.48932022742357145
A219BS010111 209.5571864083148 1166.7960311296854 -0.49227837491148646
A219BS010111 209.5552631298218 1166.2960355309895 -0.49144035074465137
A219BS010111 209.5531538619221 1165.7960407669445 -0.49055326753150624
A219BS010111 209.55095159942755 1165.2960464479745 -0.48964165484216965
A219BS010111 209.5488680403 1164.7960514461863 -0.4888311191629737
A219BS010111 209.54684383293005 1164.2960561212194 -0.48807112201679786
A219BS010111 209.54620299225806 1163.7960565560975 -0.48791555495587047
A219BS010111 209.54640442601422 1163.2960567274645 -0.4875539041621333
A219BS010111 209.55346945621804 1162.7961069320895 -0.4870177579396502
A219BS010111 209.56449491212362 1162.296228513605 -0.4869399412189655
A219BS010111 209.57671955716236 1161.796378197957 -0.4864708993363901
A219BS010111 209.58439924834494 1161.2964382125015 -0.4854543925836043
A219BS010111 209.59004169320679 1160.7964709511168 -0.4845055198847577
A219BS010111 209.594513430027 1160.2964914229017 -0.4838163642044646
A219BS010111 209.59901016582637 1159.79651223916 -0.48304487726222683
A219BS010111 209.60300154598912 1159.2965284136983 -0.48255176363270263
A219BS010111 209.60572163828866 1158.796535884734 -0.48228329049213214
A219BS010111 209.607270340021 1158.296538537614 -0.4817789137930851
A219BS010111 209.60828501291448 1157.7965396633529 -0.4814687902829598
A219BS010111 209.60903272287445 1157.2965402677992 -0.48125577461071767
A219BS010111 209.6100423559716 1156.796542276611 -0.48026106423822684
A219BS010111 209.61127565035326 1156.2965444616004 -0.4794462209391871
A219BS010111 209.612646487452 1155.7965473062152 -0.47846366691523756
A219BS010111 209.61408608221777 1155.296550515852 -0.4773972741747691
A219BS010111 209.61559220072917 1154.7965544394497 -0.47611073256742215
A219BS010111 209.61669936815707 1154.2965566306405 -0.47512820201408446
A219BS010111 209.61728826277266 1153.7965584687345 -0.4739070166011384
A219BS010111 209.61761807192886 1153.296560374422 -0.4725665279470144
A219BS010111 209.618090953894 1152.7965616874847 -0.47152276373970176
A219BS010111 209.61947961205703 1152.2965636352174 -0.471661894270938
A219BS010111 209.62177006795014 1151.7965695047756 -0.4724514103134067
A219BS010111 209.62451132785748 1151.2965782617848 -0.4735660523029082
A219BS010111 209.6271695371889 1150.7965882529907 -0.47527632395729313
A219BS010111 209.62996193321024 1150.2965989904626 -0.4769909320738593
A219BS010111 209.63267687047147 1149.796609223916 -0.4786828139633684
A219BS010111 209.6353318251082 1149.2966191319251 -0.4803737092078249
A219BS010111 209.6379567946531 1148.7966288799441 -0.48206411122318277
A219BS010111 209.64105523127802 1148.2966421794288 -0.48398738923006535
A219BS010111 209.6442430422539 1147.7966557032307 -0.48582082321651016
A219BS010111 209.647214571176 1147.2966695452756 -0.4880595436096355
A219BS010111 209.65012243271914 1146.7966842581413 -0.49056094133346373
A219BS010109 209.65295876556775 1146.3089978010394 -0.49300080871581997
A219BS010109 209.654492435762 1145.8090213132382 -0.49760075455922287
A219BS010109 209.6561711130645 1145.3090383591887 -0.5013727172368869
A219BS010109 209.65787467165694 1144.809056279068 -0.5052479522494265
A219BS010109 209.659626383435 1144.3090735471426 -0.5090161457321624
A219BS010109 209.661600436679 1143.8090918115909 -0.5128065584313085
A219BS010109 209.66344990912515 1143.309110052303 -0.516656211805762
A219BS010109 209.66526806844595 1142.8091275752633 -0.5204267489125004
A219BS010109 209.66697580525152 1142.3091447568534 -0.5242036431171565
A219BS010109 209.66966092335173 1141.8091684844949 -0.5282677813286178
A219BS010109 209.67283472903213 1141.3091962635046 -0.532475535543731
A219BS010109 209.6768503369992 1140.8092291110843 -0.5365647155830089
A219BS010109 209.68137575521146 1140.309265133619 -0.5405070279821647
A219BS010109 209.68492685708057 1139.809294155294 -0.5445580165398712
A219BS010109 209.68742374800084 1139.3093178545193 -0.5487370354754281
A219BS010109 209.68939353134343 1138.8093397383211 -0.5529800622728812
A219BS010109 209.6931361593603 1138.3093740886575 -0.5574902609390767
A219BS010109 209.6977651902271 1137.8094170829643 -0.5621340235753634
A219BS010109 209.70300414654525 1137.3094650150485 -0.5666598520715016
A219BS010109 209.70854805745319 1136.8095157054026 -0.5711267118642851
A219BS010109 209.71430145580612 1136.309570537308 -0.5757879677180849
A219BS010109 209.71943958406274 1135.8096168004288 -0.5802444931074124
A219BS010109 209.72292068590647 1135.309650459404 -0.5848855891338495
A219BS010109 209.72565276544057 1134.8096776643897 -0.5893285596471914
A219BS010109 209.72747754397926 1134.3097051134446 -0.5942396170282236
A219BS010109 209.72894670416278 1133.809729639371 -0.5989689820098719
A219BS010109 209.73023805981614 1133.3097528233775 -0.6036075022145123
A219BS010109 209.73156935590978 1132.809777537346 -0.6083971794986579
A219BS010109 209.73747071392998 1132.3098355630148 -0.6132134306741668
A219BS010109 209.74757486561475 1131.8099628534178 -0.6182314301729387
A219BS010109 209.75033836771306 1131.3099996585393 -0.6236320618856207
A219BS010109 209.753733869333 1130.8100371595879 -0.6287281595061894
A219BS010109 209.75962628312817 1130.3100969597454 -0.6337357578407438
A219BS010109 209.75953990651593 1129.8101231286614 -0.6388505178961238
A219BS010109 209.75646455295953 1129.310159296605 -0.6440185771066691
A219BS010109 209.75170851385624 1128.810214410468 -0.6497186575908726
A219BS010109 209.74611241407166 1128.3102813242228 -0.6556846398679567
A219BS010109 209.7400964254383 1127.8103547181088 -0.6617835233715738
A219BS010109 209.73372446176666 1127.3104193351746 -0.6666836222980425
A219BS010109 209.72740250691535 1126.8104843625263 -0.6716892201476748
A219BS010113 209.72195876570186 1126.3799977996387 -0.6759994659423825
A219BS010113 209.71534653264962 1125.8800554934203 -0.679736955360606
A219BS010113 209.70873429959738 1125.380113187202 -0.6834744447788297
A219BS010113 209.70212206654514 1124.8801708809835 -0.6872119341970534
A219BS010113 209.69574646152853 1124.38022962429 -0.6914653465204859
A219BS010113 209.6893708565119 1123.8802883675964 -0.6957187588439184
A219BS010113 209.6829952514953 1123.380347110903 -0.699972171167351
A219BS010113 209.6764541558539 1122.8803907217628 -0.700879378839986
A219BS010113 209.66991306021248 1122.3804343326226 -0.7017865865126206
A219BS010113 209.66337196457107 1121.8804779434824 -0.7026937941852552
A219BS010113 209.65683086892966 1121.3805215543423 -0.7036010018578899
A219BS010113 209.6502466120687 1120.8805649320645 -0.7034480241911532
A219BS010113 209.64366235520777 1120.3806083097868 -0.7032950465244164
A219BS010113 209.63708720272658 1119.8806515571669 -0.7034085347366887
A219BS010113 209.63051660313718 1119.3806947926864 -0.7036552559000421
A219BS010113 209.62394828016863 1118.8807380356034 -0.7039685935258475
A219BS010113 209.6173810955541 1118.380781285551 -0.7043152393752413
A219BS010113 209.61081757518485 1117.8808245386367 -0.7047292627420121
A219BS010113 209.60425588698277 1117.380867796706 -0.7051769748586657
A219BS010113 209.5976951148753 1116.880911058121 -0.7056415313462103
A219BS010113 209.59113480081785 1116.380954321422 -0.7061145100173218
A219BS010113 209.58461765217055 1115.8809968034575 -0.7061982014103022
A219BS010113 209.57812208773194 1115.3810390099068 -0.7060872491094163
A219BS010113 209.5716373157669 1114.8810811073245 -0.7058789750080628
A219BS010113 209.5651579401289 1114.3811231574168 -0.7056220400367439
A219BS010113 209.5586812626761 1113.8811651856442 -0.7053407746459065
A219BS010113 209.5521805600005 1113.381207771434 -0.7047708264837476
A219BS010113 209.54566784553654 1112.881250698936 -0.7040565370653796
A219BS010113 209.53914912538772 1112.3812938130263 -0.7032700770937078
A219BS010113 209.52706628686434 1111.8814401581615 -0.7026967259228398
A219BS010113 209.50834832765108 1111.3817906445238 -0.7026576794163754
A219BS010113 209.48631389417653 1110.8822764488275 -0.7028858006638276
A219BS010113 209.46262179540324 1110.3828382107642 -0.7032474854484527
A219BS010113 209.43791438368024 1109.8834492547455 -0.7037105323504979
A219BS010113 209.4126994438417 1109.384085716927 -0.7042242506322619
A219BS010113 209.3872307956679 1108.8847350812148 -0.7047632998242372
A219BS010113 209.3616353188694 1108.38539094419 -0.7053150121169024
A219BS010113 209.33574255613456 1107.8860623005187 -0.706000903787545
A219BS010113 209.30970118159385 1107.3867414819565 -0.7067538728411245
A219BS010113 209.28358551572973 1106.8874245951886 -0.7075403744451598
A219BS010113 209.25753922091124 1106.388104319224 -0.7084637037980374
A219BS010113 209.2315276062128 1105.8887823666014 -0.7094554345222831
A219BS010113 209.2055333286416 1105.3894595802085 -0.7104813596862567
A219BS010113 209.17954771811023 1104.8901363781079 -0.7115243789494091
A219BS010113 209.15358773712495 1104.3908107554778 -0.7114799685773832
A219BS010113 209.1276406146746 1103.8914848087654 -0.7108919410333706
A219BS010113 209.10169993181398 1103.3921589214524 -0.7100321551845135
A219BS010113 209.0757624710266 1102.8928331191655 -0.7090365154397217
A219BS010113 209.03887888484175 1102.3941959752437 -0.7082620661954949
A219BS010113 208.99652826420063 1101.895993220904 -0.7075983647559022
A219BS010113 208.95144699666858 1101.398030060351 -0.7069900477171861
A219BS010113 208.90500155215088 1100.9001922518719 -0.7064094167838252
A219BS010113 208.85787448867038 1100.402418489372 -0.7058426236608877
A219BS010113 208.80851477321448 1099.904861303845 -0.7051602595955005
A219BS010113 208.758039655984 1099.4074161161418 -0.7044201437375942
A219BS010113 208.70700721932846 1098.910027838148 -0.7036511681961287
A219BS010113 208.65569629135808 1098.4126682348838 -0.7028677706492483
A219BS010113 208.60400630335977 1097.9153479214276 -0.7020609468392706
A219BS010113 208.55212689503477 1097.4180473513502 -0.7012424161547759
A219BS010113 208.5001528285987 1096.9207566749706 -0.7004180351197348
A219BS010113 208.43079007937632 1096.425591508971 -0.7009351432115719
A219BS010113 208.35276293170665 1095.931718698015 -0.7021229247097516
A219BS010113 208.2704167019605 1095.438548565159 -0.7036455886484828
A219BS010113 208.18591599185618 1094.9457435587024 -0.7053354416600146
A219BS010113 208.10034006916345 1094.4531244190284 -0.7071087668719376
A219BS010113 208.01422741221032 1093.96059897189 -0.708923769218503
A219BS010113 207.925634969114 1093.4685127251428 -0.7105064215790183
A219BS010113 207.83580512636698 1092.976650500136 -0.7119730379157884
A219BS010113 207.7453576344126 1092.4849013091464 -0.7133817111442918
A219BS010113 207.65460179095356 1091.9932088512064 -0.7147614513108521
A219BS010113 207.56363181093246 1091.5015540950174 -0.715013347467774
A219BS010113 207.4725550875441 1091.0099191353438 -0.7147020859508515
A219BS010113 207.38142510998608 1090.518294302585 -0.7141096290821999
A219BS010113 207.29026855281626 1090.0266745867507 -0.7133767661941075
A219BS010113 207.19610337305275 1089.5356221428715 -0.71273156821481
A219BS010113 207.0934746295504 1089.0462682539746 -0.7123962643711967
A219BS010113 206.98663063343182 1088.5578173066815 -0.7122157597304091
A219BS010113 206.87768511612825 1088.0698307662872 -0.7121125448158928
A219BS010113 206.76721748266334 1087.5821865320665 -0.7120597434514484
A219BS010113 206.65599038977774 1087.094714960542 -0.7120321094500307
A219BS010113 206.54438426847977 1086.6073300269816 -0.7120170392654456
A219BS010113 206.4326754299491 1086.1199687653339 -0.7116482042746751
A219BS010113 206.32091533690166 1085.6326194203048 -0.7111027670118701
A219BS010113 206.20912966286528 1085.1452760489194 -0.710469168493411
A219BS010113 206.09733122000986 1084.6579356657983 -0.7097915591764815
A219BS010113 205.98550972029122 1084.1706008996853 -0.7089095511158274
A219BS010113 205.8736767174878 1083.6832689685148 -0.7079255056110383
A219BS010113 205.76183797401902 1083.1959384602674 -0.7068905222157469
A219BS010113 205.63572217005418 1082.7121054195225 -0.7062638853664203
A219BS010113 205.50251615040048 1082.2301759870911 -0.70584141114533
A219BS010113 205.36578244509627 1081.7492354594988 -0.7055208602019416
A219BS010113 205.22639342813795 1081.2690577349883 -0.7052866907668569
A219BS010113 205.07879730870144 1080.7913388999623 -0.7049701647761385
A219BS010113 204.92712198693508 1080.3148995345673 -0.70461257694946
A219BS010113 204.77341583376563 1079.839111477186 -0.7042345145224878
A219BS010113 204.6186976839564 1079.3636515489443 -0.7038462412967241
A219BS010113 204.46347498934807 1078.8883561036246 -0.7034528753522352
A219BS010113 204.30747801458907 1078.4133140628146 -0.7033951763086328
A219BS010113 204.15109499402672 1077.9383989768917 -0.7035049149038622
A219BS010113 203.99451945160888 1077.46354735568 -0.703698174563542
A219BS010113 203.83772773115768 1076.988767103257 -0.7034368181450261
A219BS010113 203.68082823760915 1076.5140226344574 -0.7029486907067286
A219BS010113 203.5239865061914 1076.0392605626469 -0.7016655477054029
A219BS010113 203.358172856006 1075.567557969546 -0.7000853344126595
A219BS010113 203.18790515979939 1075.0974452969963 -0.698357116648813
A219BS010113 203.01542168182732 1074.6281413414388 -0.6965551386585909
A219BS010113 202.84183460170973 1074.1592446101413 -0.6947163905224987
A219BS010113 202.66769751266168 1073.6905519331497 -0.6928593088567602
A219BS010113 202.4932862243257 1073.2219612592023 -0.6909930852326124
A219BS010113 202.31786325915272 1072.753745993281 -0.6898759244542586
A219BS010113 202.1419362228274 1072.2857191511566 -0.6891323244827567
A219BS010113 201.9657579205569 1071.817786575651 -0.6885750186614162
A219BS010113 201.78935682890847 1071.3499379691336 -0.6879951523312401
A219BS010113 201.61293471248962 1070.8820983830967 -0.6868295730624777
A219BS010113 201.43629216590531 1070.4143427198187 -0.6853977184513355
A219BS010115 201.26395875547314 1069.9579978003167 -0.6840007934570309
A219BS010115 201.06201513546083 1069.5005934121257 -0.6840007934570309
A219BS010115 200.86007151544848 1069.0431890239347 -0.6840007934570309
A219BS010115 200.6580046459152 1068.5858409873088 -0.6826765459422693
A219BS010115 200.45593777638194 1068.1284929506828 -0.6813522984275076
A219BS010115 200.25387090684868 1067.6711449140569 -0.6800280509127458
A219BS010115 200.0518703146652 1067.2137656833538 -0.6800191583433451
A219BS010115 199.8498697224817 1066.7563864526508 -0.6800102657739447
A219BS010115 199.64786913029823 1066.2990072219477 -0.6800013732045443
A219BS010115 199.44560807707398 1065.84174736742 -0.6780286121915937
A219BS010115 199.24334702384976 1065.3844875128925 -0.6760558511786432
A219BS010115 199.04125267535832 1064.9271499719594 -0.675557894367784
A219BS010115 198.8392423492993 1064.46977510292 -0.6757973453799552
A219BS010115 198.63716071231994 1064.012431688411 -0.675912240968717
A219BS010115 198.4350434266194 1063.5551040158912 -0.6759648591826032
A219BS010115 198.23290831829343 1063.0977842180246 -0.6759863388815041
A219BS010115 198.03090190858148 1062.6404081634016 -0.6752412934018417
A219BS010115 197.81829821673742 1062.1878608315592 -0.6744779739459277
A219BS010115 197.60043739028714 1061.7378207624045 -0.6737056698100554
A219BS010115 197.37995958789935 1061.2890569767624 -0.672928913491779
A219BS010115 197.1537198286656 1060.8431697341682 -0.6733007114043341
A219BS010115 196.9246143459932 1060.3987490066197 -0.6742466155458552
A219BS010115 196.69408027846004 1059.9550683513519 -0.6754794365718434
A219BS010115 196.46272708575216 1059.5118133687818 -0.6763283480342358
A219BS010115 196.23096487070023 1059.0687717861233 -0.6769853941743333
A219BS010115 195.9989983286687 1058.6258370183768 -0.6775465531232444
A219BS010115 195.76692969361318 1058.1829556739854 -0.6780597913175428
A219BS010115 195.53466179175882 1057.7401797593272 -0.6791139103300702
A219BS010115 195.30229442358268 1057.297456762305 -0.680438340219326
A219BS010115 195.06987737590595 1056.8547602683625 -0.6818978607329931
A219BS010115 194.83743550783058 1056.4120770338318 -0.6834248941832323
A219BS010115 194.60511844657074 1055.9693262704704 -0.6826869304277163
A219BS010115 194.37286555330047 1055.5265451767764 -0.6808170013700959
A219BS010115 194.14064517629689 1055.083749779109 -0.6783813682304859
A219BS010115 193.90840759110924 1054.64095910439 -0.6769245195057085
A219BS010115 193.66811662205623 1054.2024842096325 -0.6767946772854553
A219BS010115 193.423830806867 1053.7662226414366 -0.6773281682267482
A219BS010115 193.1711530050347 1053.3347671027182 -0.6771123666325766
A219BS010115 192.91411560395395 1052.9058944943552 -0.6768669250160221
A219BS010115 192.65491010462478 1052.478328778479 -0.6766066851503562
A219BS010115 192.3946240536706 1052.0514200059606 -0.676339055544196
A219BS010115 192.13369119731996 1051.6249066603054 -0.6756983881685763
A219BS010115 191.87243552803798 1051.1985912942575 -0.674871381794169
A219BS010115 191.6111125303861 1050.7723168059372 -0.6742785028402558
A219BS010115 191.34975592489548 1050.3460627757406 -0.6738025747810081
A219BS010115 191.0882830907596 1049.9198807790012 -0.6728737775630028
A219BS010115 190.82675228597773 1049.4937349071515 -0.6717187643419743
A219BS010115 190.5651925457149 1049.0676071159678 -0.6704507523411062
A219BS010115 190.30368276549137 1048.6414513389072 -0.6684788178958423
A219BS010115 190.04219813661592 1048.2152819008263 -0.6661552629298135
A219BS010115 189.78072612002174 1047.7891057182885 -0.6636560679256153
A219BS010115 189.51895894050924 1047.3631080284017 -0.6616782051297385
A219BS010115 189.2571762678139 1046.937119352017 -0.659812764585881
A219BS010115 188.99570127499044 1046.5109420753397 -0.6578744735924597
A219BS010378 188.74295873875963 1046.0989978024736 -0.6560009155273434
A219BS010378 188.45858174218773 1045.6877796388949 -0.6505837424864541
A219BS010378 188.1742047456158 1045.2765614753162 -0.6451665694455643
A219BS010378 187.88979853031748 1044.8653279122266 -0.6454141343857528
A219BS010378 187.60539231501917 1044.454094349137 -0.6456616993259428
A219BS010378 187.32098609972087 1044.0428607860474 -0.6459092642661327
A219BS010378 187.0364724664068 1043.631705739931 -0.644032961644787
A219BS010378 186.75195883309271 1043.2205506938146 -0.6421566590234408
A219BS010378 186.46744519977864 1042.8093956476982 -0.6402803564020946
A219BS010378 186.18300949976384 1042.3981837114957 -0.6392430128224291
A219BS010378 185.89857379974904 1041.9869717752931 -0.6382056692427639
A219BS010378 185.61413809973425 1041.5757598390906 -0.6371683256630987
A219BS010378 185.2913468476293 1041.1939147968403 -0.6375821776725081
A219BS010378 184.96855559552438 1040.81206975459 -0.6379960296819176
A219BS010378 184.6335618264798 1040.4408838893708 -0.6375183659185079
A219BS010378 184.3118683273037 1040.0581133896633 -0.63771108747653
A219BS010378 183.99698062628232 1039.6697251085948 -0.6382391727934212
A219BS010378 183.67309076070782 1039.2888114174993 -0.6385781627595352
A219BS010378 183.35381785787905 1038.904019510111 -0.6386172499444877
A219BS010378 183.0368686470444 1038.5173113701762 -0.6385065279103065
A219BS010378 182.72108431742197 1038.129651438356 -0.6383209854185458
A219BS010378 182.393049752228 1037.752301278096 -0.6378960268670695
A219BS010378 182.0560905808323 1037.3828984731535 -0.6376053157543016
A219BS010378 181.71474699625307 1037.0175431566959 -0.6373817028680275
A219BS010378 181.37123346561398 1036.6542272911952 -0.6371915886754943
A219BS010378 181.0362351508519 1036.283051613372 -0.6350132179534579
A219BS010378 180.7055565461054 1035.9080294685057 -0.6318428516120859
A219BS010378 180.3671051385236 1035.5400087503413 -0.6284670987003319
A219BS010378 180.01685844330908 1035.183180264315 -0.6276400245721478
A219BS010378 179.67533374412614 1034.8180031770721 -0.6250758871463111
A219BS010378 179.33823389767892 1034.448744553969 -0.62164619486922
A219BS010378 179.00335769750757 1034.077472383549 -0.6177853619894449
A219BS010378 178.6568180999678 1033.7170477784541 -0.6156850336736928
A219BS010378 178.30459664171931 1033.3621695577742 -0.6144632168221815
A219BS010378 177.95471593785135 1033.0049863062573 -0.6125611398965322
A219BS010378 177.60600664093386 1032.646661306842 -0.6103203727696127
A219BS010378 177.24590020059148 1032.2997856810782 -0.6095129849776036
A219BS010378 176.88025679960708 1031.9587506466873 -0.6094200622327772
A219BS010378 176.51189312485664 1031.6206557870428 -0.6096827525986381
A219BS010378 176.1511031635102 1031.2744907886176 -0.6090521521005421
A219BS010378 175.78723242338046 1030.9315650832887 -0.6088397795146605
A219BS010378 175.42184004326745 1030.5902611006914 -0.6088354655482751
A219BS010378 175.0582002680844 1030.2470904237596 -0.6088554401749544
A219BS010378 174.6954358249247 1029.9029945682898 -0.6088874962303623
A219BS010378 174.3331076547891 1029.5584393540248 -0.6089255615965089
A219BS010378 173.9582554865475 1029.2275530927254 -0.6092916870651494
A219BS010378 173.57736072557492 1028.9036412205235 -0.6098209415520731
A219BS010378 173.19871682919896 1028.5771008507636 -0.6102529765704253
A219BS010378 172.81533415551706 1028.2561378719838 -0.6109542420541614
A219BS010378 172.42962676800175 1027.9379726414052 -0.6117892671581688
A219BS010378 172.04277177007017 1027.621203959377 -0.6126907445861042
A219BS010378 171.6606340312248 1027.298759537364 -0.6132766309301727
A219BS010378 171.2825227739203 1026.9716847251836 -0.6059319500864071
A219BS010378 170.91019867068593 1026.6380294310222 -0.5989386083416998
A219BS010378 170.52609401451585 1026.3179569718507 -0.5947872244439127
A219BS010378 170.13632301473473 1026.0047939499734 -0.592050536970178
A219BS010378 169.74378644580713 1025.6950990925864 -0.5900164861936652
A219BS010378 169.34886940168948 1025.388440480288 -0.589004671697875
A219BS010378 168.95278038302953 1025.0832958674014 -0.5885001686223443
A219BS010378 168.55499267198547 1024.7803686919042 -0.588248598402451
A219BS010378 168.1560740335409 1024.4789333532315 -0.5874383510488366
A219BS010378 167.7565964779484 1024.178239987825 -0.5863508868842072
A219BS010378 167.3561911811932 1023.878782828095 -0.5853469860731538
A219BS010378 166.95532696006273 1023.5799401438269 -0.5843845532993577
A219BS010378 166.55252305423753 1023.2837161518637 -0.583784522189826
A219BS010378 166.1460329252444 1022.9925713221257 -0.5831039724191192
A219BS010378 165.7377373400559 1022.7039639832653 -0.5823835062496895